{
	"AZ": "Adhabajani",
	"ZA": "Afrika Kuthini",
	"AF": "Afuganistani",
	"IS": "Aithlandi",
	"AR": "Ajentina",
	"AX": "Åland Islands",
	"AL": "Albania",
	"DZ": "Aljeria",
	"AD": "Andora",
	"AO": "Angola",
	"AI": "Anguilla",
	"AQ": "Antarctica",
	"AG": "Antigua na Barbuda",
	"AM": "Armenia",
	"AW": "Aruba",
	"AC": "Ascension Island",
	"AU": "Authtralia",
	"AT": "Authtria",
	"IE": "Ayalandi",
	"BB": "Babadothi",
	"BS": "Bahama",
	"BH": "Bahareni",
	"BD": "Bangladeshi",
	"BY": "Belaruthi",
	"BZ": "Belidhe",
	"BJ": "Benini",
	"BM": "Bermuda",
	"BO": "Bolivia",
	"BA": "Bothnia na Hedhegovina",
	"BW": "Botthwana",
	"BV": "Bouvet Island",
	"BR": "Brazili",
	"BN": "Brunei",
	"BF": "Bukinafatho",
	"MG": "Bukini",
	"BG": "Bulgaria",
	"BI": "Burundi",
	"BT": "Butani",
	"IC": "Canary Islands",
	"BQ": "Caribbean Netherlands",
	"EA": "Ceuta & Melilla",
	"TD": "Chadi",
	"CL": "Chile",
	"CN": "China",
	"CX": "Christmas Island",
	"CP": "Clipperton Island",
	"CC": "Cocos (Keeling) Islands",
	"CW": "Curaçao",
	"DK": "Denmaki",
	"ZM": "Dhambia",
	"ZW": "Dhimbabwe",
	"DG": "Diego Garcia",
	"DM": "Dominika",
	"EC": "Ekwado",
	"SV": "Elsavado",
	"ER": "Eritrea",
	"EE": "Ethtonia",
	"AE": "Falme dha Kiarabu",
	"FO": "Faroe Islands",
	"FJ": "Fiji",
	"PH": "Filipino",
	"TF": "French Southern Territories",
	"GA": "Gaboni",
	"GM": "Gambia",
	"GH": "Ghana",
	"GN": "Gine",
	"GW": "Ginebisau",
	"GQ": "Ginekweta",
	"GD": "Grenada",
	"GL": "Grinlandi",
	"GG": "Guernsey",
	"GY": "Guyana",
	"GP": "Gwadelupe",
	"GU": "Gwam",
	"GT": "Gwatemala",
	"GF": "Gwiyana ya Ufarantha",
	"HT": "Haiti",
	"HM": "Heard & McDonald Islands",
	"ES": "Hithpania",
	"HN": "Hondurathi",
	"HK": "Hong Kong SAR China",
	"HU": "Hungaria",
	"IO": "Ieneo la Uingeredha katika Bahari Hindi",
	"IN": "India",
	"ID": "Indonethia",
	"IQ": "Iraki",
	"IM": "Isle of Man",
	"IT": "Italia",
	"IL": "Ithraeli",
	"JM": "Jamaika",
	"CF": "Jamhuri ya Afrika ya Kati",
	"CZ": "Jamhuri ya Cheki",
	"DO": "Jamhuri ya Dominika",
	"CD": "Jamhuri ya Kidemokrathia ya Kongo",
	"JP": "Japani",
	"JE": "Jersey",
	"GI": "Jibralta",
	"DJ": "Jibuti",
	"GE": "Jojia",
	"KH": "Kambodia",
	"CM": "Kameruni",
	"CA": "Kanada",
	"QA": "Katari",
	"KZ": "Kazakithtani",
	"KE": "Kenya",
	"CV": "Kepuvede",
	"KI": "Kiribati",
	"KG": "Kirigizithtani",
	"NF": "Kithiwa cha Norfok",
	"CI": "Kodivaa",
	"CO": "Kolombia",
	"KM": "Komoro",
	"CG": "Kongo",
	"HR": "Korathia",
	"KP": "Korea Kathkazini",
	"KR": "Korea Kuthini",
	"XK": "Kosovo",
	"CR": "Kothtarika",
	"CU": "Kuba",
	"CY": "Kuprothi",
	"KW": "Kuwaiti",
	"LA": "Laothi",
	"LU": "Lathembagi",
	"LV": "Lativia",
	"LB": "Lebanoni",
	"LS": "Lethoto",
	"LR": "Liberia",
	"LY": "Libya",
	"LI": "Lishenteni",
	"LT": "Litwania",
	"MO": "Macao SAR China",
	"MW": "Malawi",
	"MY": "Malethia",
	"ML": "Mali",
	"MT": "Malta",
	"US": "Marekani",
	"MQ": "Martiniki",
	"YT": "Mayotte",
	"MX": "Mekthiko",
	"FM": "Mikronethia",
	"EG": "Mithri",
	"MV": "Modivu",
	"MD": "Moldova",
	"MC": "Monako",
	"MN": "Mongolia",
	"ME": "Montenegro",
	"MS": "Monttherrati",
	"MR": "Moritania",
	"MU": "Morithi",
	"MA": "Moroko",
	"MZ": "Mthumbiji",
	"MM": "Myama",
	"NA": "Namibia",
	"NR": "Nauru",
	"NP": "Nepali",
	"NE": "Nijeri",
	"NG": "Nijeria",
	"NI": "Nikaragwa",
	"NU": "Niue",
	"MK": "North Macedonia",
	"NO": "Norwe",
	"NZ": "Nyudhilandi",
	"NC": "Nyukaledonia",
	"OM": "Omani",
	"PK": "Pakithtani",
	"PW": "Palau",
	"PS": "Palestina",
	"PA": "Panama",
	"PG": "Papua",
	"PY": "Paragwai",
	"PE": "Peru",
	"PN": "Pitkairni",
	"PL": "Polandi",
	"PF": "Polinesia ya Ufarantha",
	"PR": "Pwetoriko",
	"RE": "Riyunioni",
	"RO": "Romania",
	"RW": "Rwanda",
	"RS": "Serbia",
	"SC": "Shelisheli",
	"SX": "Sint Maarten",
	"GS": "South Georgia & South Sandwich Islands",
	"SS": "South Sudan",
	"BL": "St. Barthélemy",
	"MF": "St. Martin",
	"SJ": "Svalbard & Jan Mayen",
	"TZ": "Tadhania",
	"TH": "Tailandi",
	"TW": "Taiwani",
	"TJ": "Tajikithtani",
	"SM": "Thamarino",
	"WS": "Thamoa",
	"AS": "Thamoa ya Marekani",
	"SH": "Thantahelena",
	"KN": "Thantakitdhi na Nevith",
	"LC": "Thantaluthia",
	"PM": "Thantapieri na Mikeloni",
	"VC": "Thantavithenti na Grenadini",
	"ST": "Thao Tome na Principe",
	"SA": "Thaudi",
	"SN": "Thenegali",
	"SL": "Thiera Leoni",
	"SG": "Thingapoo",
	"SY": "Thiria",
	"LK": "Thirilanka",
	"SI": "Thlovenia",
	"SK": "Tholvakia",
	"SO": "Thomalia",
	"SD": "Thudani",
	"SR": "Thurinamu",
	"TL": "Timori ya Mashariki",
	"TG": "Togo",
	"TK": "Tokelau",
	"TO": "Tonga",
	"TT": "Trinidad na Tobago",
	"TA": "Tristan da Cunha",
	"TN": "Tunithia",
	"TM": "Turukimenithtani",
	"TV": "Tuvalu",
	"UM": "U.S. Outlying Islands",
	"IR": "Uajemi",
	"BE": "Ubelgiji",
	"UZ": "Udhibekithtani",
	"FR": "Ufarantha",
	"FI": "Ufini",
	"UG": "Uganda",
	"GR": "Ugiriki",
	"ET": "Uhabeshi",
	"NL": "Uholandhi",
	"GB": "Uingeredha",
	"DE": "Ujerumani",
	"UA": "Ukraine",
	"PT": "Ureno",
	"UY": "Urugwai",
	"RU": "Uruthi",
	"SZ": "Uthwadhi",
	"SE": "Uthwidi",
	"CH": "Uthwithi",
	"TR": "Uturuki",
	"VU": "Vanuatu",
	"VA": "Vatikani",
	"VE": "Venezuela",
	"VN": "Vietinamu",
	"CK": "Vithiwa vya Cook",
	"FK": "Vithiwa vya Falkland",
	"KY": "Vithiwa vya Kayman",
	"MP": "Vithiwa vya Mariana vya Kathkazini",
	"MH": "Vithiwa vya Marshal",
	"SB": "Vithiwa vya Tholomon",
	"TC": "Vithiwa vya Turki na Kaiko",
	"VI": "Vithiwa vya Virgin vya Marekani",
	"VG": "Vithiwa vya Virgin vya Uingeredha",
	"WF": "Walith na Futuna",
	"EH": "Western Sahara",
	"YE": "Yemeni",
	"JO": "Yordani"
}