{
	"AC": "Ascension Island",
	"IC": "Canary Islands",
	"BQ": "Caribbean Netherlands",
	"EA": "Ceuta & Melilla",
	"CP": "Clipperton Island",
	"CW": "Curaçao",
	"DG": "Diego Garcia",
	"XK": "Kosovo",
	"MK": "North Macedonia",
	"SX": "Sint Maarten",
	"SS": "South Sudan",
	"TA": "Tristan da Cunha",
	"AO": "अंगोला",
	"AZ": "अज़रबैजान",
	"AQ": "अंटार्कटिका",
	"AF": "अफ़ग़ानिस्तान",
	"AS": "अमरिकी समोआ",
	"AW": "अरूबा",
	"AR": "अर्जेण्टिना",
	"DZ": "अल्जीरिया",
	"AL": "अल्बानिया",
	"IS": "आइसलैंड",
	"IM": "आईल ऑफ़ मैन",
	"CI": "आईवरी कोस्ट",
	"IE": "आयरलैंड",
	"AM": "आर्मेनिया",
	"AX": "आलाँड द्वीप",
	"GQ": "इक्वेटोरियल गिनी",
	"IT": "इटली",
	"ID": "इंडोनेशिया",
	"ET": "इथिओपिया",
	"IL": "इस्राइल",
	"IQ": "ईराक़",
	"IR": "ईरान",
	"UZ": "उज़बेकिस्तान",
	"KP": "उत्तर कोरिया",
	"MP": "उत्तरी मारियाना द्वीप",
	"AD": "ऍन्डोरा",
	"SV": "ऍल साल्वाडोर",
	"EC": "एक्वाडोर",
	"AI": "एंगीला",
	"AG": "एन्टिगुआ एवं बारबूडा",
	"ER": "एरिट्रिया",
	"EE": "एस्टोनिया",
	"AT": "ऑस्ट्रिया",
	"AU": "ऑस्ट्रेलिया",
	"OM": "ओमान",
	"KZ": "कज़ाखस्तान",
	"QA": "क़तार",
	"KH": "कम्बोडिया",
	"KI": "किरिबाती",
	"KG": "किर्गिज़",
	"CK": "कुक द्वीप",
	"KW": "कुवैत",
	"KE": "केन्या",
	"KY": "केमैन द्वीप",
	"CA": "कैनाडा",
	"CV": "कैप वेर्दे",
	"CD": "कॉंगो किनशासा",
	"CG": "कॉंगो ब्राज़्ज़ावील",
	"CC": "कोकोस द्वीप",
	"CM": "कोमेरान",
	"KM": "कोमोरोज़",
	"CO": "कोलम्बिया",
	"CR": "कोस्टारीका",
	"CU": "क्यूबा",
	"CX": "क्रिस्मस द्वीप",
	"HR": "क्रोएशिया",
	"GM": "गाम्बिया",
	"GN": "गिनी",
	"GW": "गीनी-बिसाउ",
	"GU": "गुआम",
	"GY": "गुयाना",
	"GG": "गेर्नसे",
	"GA": "गैबॉन",
	"GT": "गोतेदाला",
	"GL": "ग्रीनलैण्ड",
	"GR": "ग्रीस",
	"GD": "ग्रेनडा",
	"GP": "ग्वादलुप",
	"GH": "घाना",
	"TD": "चाड",
	"CL": "चिली",
	"CN": "चीन",
	"CZ": "चेक गणराज्य",
	"JM": "जमाइका",
	"DE": "जर्मनी",
	"JE": "जर्सी",
	"JP": "जापान",
	"ZM": "ज़ाम्बिया",
	"GI": "जिब्राल्टर",
	"ZW": "ज़ीम्बाब्वे",
	"GE": "जॉर्जिया",
	"JO": "जॉर्डन",
	"TO": "टॉंगा",
	"TK": "टोकेलौ",
	"TG": "टोगो",
	"TT": "ट्रिनिडाड एवं टोबैगो",
	"DK": "डेनमार्क",
	"DO": "डोमिनिकन गणराज्य",
	"DM": "डोमिनिका",
	"TZ": "तंज़ानिया",
	"TW": "ताइवान",
	"TJ": "ताजिकिस्तान",
	"TM": "तुर्कमेनीस्तान",
	"TR": "तुर्की",
	"TC": "तुर्की एवं कैकोज़ द्वीप",
	"TV": "तुवालु",
	"TN": "त्युनिशिया",
	"TH": "थाइलैण्ड",
	"ZA": "दक्षिण अफ्रीका",
	"KR": "दक्षिण कोरिया",
	"GS": "दक्षिण जोर्जिया एवं दक्षिण सैंडवीच द्वीप",
	"DJ": "द्जिबूती",
	"NG": "नाइजीरिया",
	"NE": "नाइजेर",
	"NR": "नाउरू",
	"NA": "नामीबिया",
	"NI": "निकारागुआ",
	"NU": "नीयूए",
	"NL": "नेदरलैण्ड",
	"NP": "नेपाल",
	"NF": "नॉरफ़ॉक द्वीप",
	"NO": "नॉर्वे",
	"NC": "न्यू कैलेडोनिया",
	"NZ": "न्यूज़ीलैंड",
	"PA": "पनामा",
	"PW": "पलाऊ",
	"EH": "पश्चिमी सहारा",
	"PK": "पाकिस्तान",
	"PG": "पापुआ न्यू गिनी",
	"PY": "पारागुए",
	"PN": "पिटकेर्न",
	"PR": "पुएर्टो रीको",
	"PT": "पुर्तगाल",
	"TL": "पूर्वी तिमोर",
	"PE": "पेरू",
	"PL": "पोलैण्ड",
	"FO": "फरो द्वीप",
	"FJ": "फिजी",
	"FI": "फिनलैंड",
	"PS": "फ़िलिस्तीन",
	"PH": "फिलीपिन्स",
	"FK": "फ़ॉल्कलैंड द्वीप",
	"FR": "फ्राँस",
	"TF": "फ्राँसीसी उत्तरी क्षेत्रों",
	"GF": "फ्राँसीसी गिआना",
	"PF": "फ्राँसीसी पॉलिनीशिया",
	"BD": "बंगलादेश",
	"BM": "बरमूडा",
	"BG": "बल्गैरिया",
	"BH": "बहरैन",
	"BS": "बहामा",
	"BB": "बारबाडोस",
	"BI": "बुरुंडी",
	"BF": "बुर्किना फासो",
	"BV": "बुवे द्वीप",
	"BJ": "बेनेँ",
	"BY": "बेलारूस",
	"BZ": "बेलिज़",
	"BE": "बेल्जियम",
	"BW": "बोत्स्वाना",
	"BO": "बोलीविया",
	"BA": "बोसनिया हर्ज़ेगोविना",
	"BR": "ब्राज़ील",
	"VG": "ब्रिटिश वर्जीन आईलंड्स",
	"IO": "ब्रिटिश हिंद महासागरिय क्षेत्र",
	"GB": "ब्रितन",
	"BN": "ब्रूनइ",
	"IN": "भारत",
	"BT": "भूटान",
	"MO": "मकाओ विशेष प्रशासनिक क्षेत्र (चीन)",
	"MN": "मंगोलिया",
	"MG": "मदागास्कर",
	"MW": "मलावी",
	"MY": "मलेशिया",
	"FM": "माइक्रोनेशिया",
	"MQ": "मार्टीनिक",
	"MH": "मार्शल द्वीप",
	"MV": "मालदीव",
	"ML": "माली",
	"MT": "माल्टा",
	"EG": "मिस्र",
	"MX": "मैक्सिको",
	"YT": "मैयौट",
	"MR": "मॉरिटेनिया",
	"MU": "मॉरिस",
	"MS": "मॉंसेरा",
	"MZ": "मोज़ाम्बिक",
	"ME": "मोंटेनेग्रो",
	"MC": "मोनाको",
	"MA": "मोरोक्को",
	"MD": "मोल्डेविया",
	"MM": "म्यानमार",
	"YE": "यमन",
	"VI": "यु.एस. वर्जीन आईलंड्स",
	"UG": "युगाँडा",
	"UM": "युनाइटेड स्टेट्स के छोटे बाहरिय द्वीप",
	"UY": "युरूगुए",
	"UA": "यूक्रेन",
	"RW": "रूआण्डा",
	"RU": "रूस",
	"RE": "रेयूनियॉं",
	"RO": "रोमानिया",
	"LU": "लक्समबर्ग",
	"LS": "लसोथो",
	"LR": "लाइबेरिया",
	"LA": "लाओस",
	"LV": "लाट्वीया",
	"LI": "लिक्टैनस्टाईन",
	"LT": "लिथुआनिया",
	"LY": "लीबिया",
	"LB": "लेबनोन",
	"VU": "वानाऊटु",
	"VN": "वियतनाम",
	"VE": "वेनेज़ुएला",
	"VA": "वैटिकन",
	"WF": "वॉलेस एवं फ़्यूचूना",
	"LK": "श्री लँका",
	"SA": "सऊदी अरब",
	"WS": "समोआ",
	"AE": "संयुक्त अरब अमीरात",
	"US": "संयुक्त राज्य अमरिका",
	"RS": "सर्बिया",
	"CY": "साइप्रस",
	"ST": "साउँ-तोमे एवं प्रिंसिप",
	"SG": "सिंगापुर",
	"SL": "सियेरा लेओन",
	"SY": "सीरिया",
	"SR": "सुरिनाम",
	"SD": "सूदान",
	"PM": "सेँ पीएर एवं मि‍केलॉं",
	"BL": "सेँ बार्थेलेमी",
	"MF": "सेँ मार्टेँ",
	"KN": "सेंट किट्स एवं नेविस",
	"LC": "सेंट लूसिया",
	"VC": "सेंट विंसंट एवं दी ग्रनाडीन्स्",
	"CF": "सेंट्रल अफ्रीकन रिपब्लिक",
	"SH": "सेण्‍ट हेलेना",
	"SN": "सेनेगाल",
	"SC": "सेशेल्स",
	"SM": "सैन मरीनो",
	"SB": "सॉलोमन द्वीप",
	"SO": "सोमालिया",
	"ES": "स्पेन",
	"SK": "स्लोवाकिया",
	"SI": "स्लोवेनिया",
	"SZ": "स्वाज़ीलैंड",
	"SJ": "स्वाल्बार्ड एवं यान मायेन",
	"CH": "स्वित्ज़रलैंड",
	"SE": "स्वीडन",
	"HU": "हंगरी",
	"HM": "हर्ड द्वीप एवं मैकडोनॉल्ड द्वीप",
	"HT": "हाइती",
	"HK": "हाँगकाँग विशेष प्रशासनिक क्षेत्र चीन",
	"HN": "हौण्डूरास"
}