{
	"AF": "Afəganisətán",
	"ZA": "Afiríka yá Súd",
	"HT": "Aití",
	"AX": "Åland Islands",
	"AL": "Aləbánia",
	"DZ": "Aləyéria",
	"AD": "Andór",
	"AI": "Angíyə",
	"AO": "Angolá",
	"AQ": "Antarctica",
	"AG": "Antígwa ai Barəbúda",
	"SA": "Arabí Saudí",
	"AR": "Arəhenətína",
	"AM": "Arəménia",
	"AW": "Arúba",
	"AC": "Ascension Island",
	"AZ": "Azɛrəbaidzáŋ",
	"BS": "Bahámas",
	"BH": "Bahərɛ́n",
	"BD": "Bangaladɛ́s",
	"BB": "Barəbád",
	"AE": "Bemirá yá Arábə uní",
	"BY": "Bəlarús",
	"BR": "Bəlazíl",
	"BZ": "Bəlís",
	"BJ": "Bəníŋ",
	"AS": "Bəsamóa yá Amə́rəka",
	"BE": "Bɛləhíg",
	"BM": "Bɛrəmúd",
	"BO": "Bolívia",
	"BA": "Bosəní ai ɛrəzegovín",
	"BW": "Botswaná",
	"BV": "Bouvet Island",
	"BG": "Buləgarí",
	"BF": "Buləkiná Fasó",
	"BN": "Buluné",
	"BI": "Burundí",
	"BT": "Butáŋ",
	"IC": "Canary Islands",
	"BQ": "Caribbean Netherlands",
	"EA": "Ceuta & Melilla",
	"CX": "Christmas Island",
	"CP": "Clipperton Island",
	"CC": "Cocos (Keeling) Islands",
	"CW": "Curaçao",
	"DK": "Danəmárəg",
	"DG": "Diego Garcia",
	"DM": "Dómənika",
	"DJ": "Dzibutí",
	"EG": "Ehíbətɛn",
	"EC": "Ekwatór",
	"ER": "Elitəlé",
	"EE": "Esetoní",
	"ET": "Etiopí",
	"IN": "ɛ́ndə",
	"ID": "ɛndonésia",
	"FO": "Faroe Islands",
	"FJ": "Fidzí",
	"PH": "Filipín",
	"FI": "Finəlán",
	"PL": "fólis",
	"PT": "fɔrətugɛ́s",
	"TF": "French Southern Territories",
	"FR": "Fulɛnsí",
	"GA": "Gabóŋ",
	"GM": "Gambí",
	"GH": "Ganá",
	"GD": "Gələnádə",
	"GR": "Gəlɛ́s",
	"GN": "Giné",
	"GW": "Giné Bisaó",
	"GQ": "Giné Ekwató",
	"GL": "Goelán",
	"GP": "Guadəlúb",
	"GU": "Guám",
	"GT": "Guatemalá",
	"GG": "Guernsey",
	"GY": "Guyán",
	"GF": "Guyán yá Fulɛnsí",
	"JM": "Hamaíka",
	"JP": "Hapɔ́n",
	"HM": "Heard & McDonald Islands",
	"HK": "Hong Kong SAR China",
	"JO": "Horədaní",
	"GE": "Horə́yia",
	"IQ": "Irág",
	"IR": "Irán",
	"IE": "Irəlándə",
	"IS": "Isəlándə",
	"IL": "Isəraɛ́l",
	"IM": "Isle of Man",
	"IT": "Itáliɛn",
	"JE": "Jersey",
	"KH": "kambodía",
	"CM": "Kamərún",
	"CA": "kanadá",
	"QA": "Katár",
	"KZ": "Kazakətáŋ",
	"KE": "Keniá",
	"HR": "Kəlowásia",
	"KI": "Kiribatí",
	"KG": "Kirigisətán",
	"CI": "Kód Divɔ́r",
	"CO": "Kolɔmbí",
	"KM": "Komɔ́r",
	"CG": "Kongó",
	"KP": "Koré yá Nór",
	"KR": "Koré yá Súd",
	"XK": "Kosovo",
	"CR": "Kosta Ríka",
	"KW": "Kowɛ́d",
	"ES": "Kpənyá",
	"CU": "Kubá",
	"LA": "Laós",
	"LS": "Ləsotó",
	"LV": "Lətoní",
	"LB": "Libáŋ",
	"LR": "Libéria",
	"LY": "Libí",
	"LI": "Lísə́sə́táin",
	"LT": "Lituaní",
	"LU": "Lukəzambúd",
	"MO": "Macao SAR China",
	"MG": "Madagasəkárə",
	"MW": "Malawí",
	"MV": "Malədívə",
	"MT": "Málətə",
	"MY": "Malɛ́zia",
	"ML": "Malí",
	"MQ": "Marətiníg",
	"MA": "Marɔ́g",
	"YT": "Mayɔ́d",
	"MX": "Mɛkəsíg",
	"MM": "Mianəmár",
	"FM": "Mikoronésia",
	"VI": "Minlán Mi Amɛrəkə",
	"FK": "Minlán Mi Fóləkəlan",
	"CV": "Minlán Mí Káb Vɛr",
	"KY": "Minlán Mí Kalimáŋ",
	"CK": "Minlán Mí kúg",
	"MH": "Minlán Mí Maresál",
	"MP": "Minlán Mi Marián yá Nór",
	"SB": "Minlán Mí Solomɔ́n",
	"TC": "Minlán Mí túrə́g-ai-Kaíg",
	"NF": "Minlán Nɔrəfɔ́ləkə",
	"MD": "Molədaví",
	"ME": "Montenegro",
	"MU": "Morís",
	"MR": "Moritaní",
	"MZ": "Mozambíg",
	"MC": "Mɔnakó",
	"MN": "Mɔngɔ́lia",
	"MS": "Mɔ́ntserád",
	"NA": "Namibí",
	"NR": "Naurú",
	"DE": "Ndzáman",
	"NP": "Nepál",
	"SM": "Ǹfúfúb Maríno",
	"SH": "Ǹfúfúb-Ɛlɛ́na",
	"KN": "Ǹfúfúb-Kilisətóv-ai-Nevis",
	"LC": "Ǹfúfúb-Lúsia",
	"PM": "Ǹfúfúb-Píɛr-ai-Mikəlɔ́ŋ",
	"VC": "Ǹfúfúb-Vɛngəsáŋ-ai-Bə Gələnadín",
	"NG": "Nihéria",
	"NE": "Nihɛ́r",
	"NI": "Nikarágua",
	"NU": "Niué",
	"NC": "Ǹkpámɛn Kaledónia",
	"NZ": "Ǹkpámɛn Zeláŋ",
	"US": "Ǹnam Amɛrəkə",
	"GB": "Ǹnam Engəlis",
	"IO": "ǹnam ɛngəlís yá Máŋ mə́ ɛ́ndə",
	"CD": "ǹnam Kongó Demokəlatíg",
	"VG": "ńnam Minlán ɛ́ngəlís",
	"PS": "Ǹnam Palɛsətín",
	"CZ": "Ǹnam Tsɛ́g",
	"VA": "Ǹnam Vatikán",
	"CF": "ǹnam Zǎŋ Afiriká",
	"MK": "North Macedonia",
	"NO": "Nɔrəvɛ́s",
	"OM": "Omán",
	"HN": "Ondurás",
	"HU": "Ongirí",
	"AU": "Osətəlalí",
	"AT": "Osətəlía",
	"PK": "Pakisətán",
	"PW": "Palau",
	"PA": "Panamá",
	"PG": "Papwazi yá Ǹkpámɛ́n Giné",
	"PY": "Paragué",
	"PE": "Perú",
	"NL": "Pɛíbá",
	"PN": "Pítə́kɛ́rɛnə",
	"PF": "Polinesí yá Fulɛnsí",
	"PR": "Pwɛrəto Ríko",
	"DO": "République dominicaine",
	"RE": "Reuniɔ́ŋ",
	"RO": "Rumaní",
	"RU": "Rúsian",
	"RW": "Ruwandá",
	"SV": "Saləvadór",
	"WS": "Samoá",
	"ST": "Saó Tomé ai Pəlinəsípe",
	"SN": "Senegál",
	"RS": "Serbia",
	"SK": "Səlovakí",
	"SI": "Səlovénia",
	"LK": "Səri Laŋká",
	"SC": "Sɛsɛ́l",
	"SL": "Sierá-leónə",
	"SG": "Singapúr",
	"SX": "Sint Maarten",
	"CY": "Sipəlús",
	"SY": "Sirí",
	"SO": "Somália",
	"GS": "South Georgia & South Sandwich Islands",
	"SS": "South Sudan",
	"BL": "St. Barthélemy",
	"MF": "St. Martin",
	"SD": "Sudáŋ",
	"CH": "Suís",
	"SR": "Surinám",
	"SE": "Suwɛ́d",
	"SJ": "Svalbard & Jan Mayen",
	"SZ": "Swazilándə",
	"TJ": "Tadzikisətáŋ",
	"TH": "Tailán",
	"TW": "Taiwán",
	"TZ": "Taŋəzaní",
	"TT": "Təlinité-ai-Tobágo",
	"TL": "Timôr",
	"TG": "Togó",
	"TK": "Tokeló",
	"TO": "Tɔngá",
	"TA": "Tristan da Cunha",
	"TD": "Tsád",
	"CN": "Tsáina",
	"CL": "Tsilí",
	"TN": "Tunisí",
	"TM": "Turəkəmənisətáŋ",
	"TR": "Turəkí",
	"TV": "Tuvalú",
	"UM": "U.S. Outlying Islands",
	"UG": "Ugandá",
	"UA": "Ukərɛ́n",
	"UY": "Urugué",
	"UZ": "Uzubekisətán",
	"VU": "Vanuátu",
	"VE": "Venezuéla",
	"VN": "Viɛdənám",
	"WF": "Walís-ai-Futúna",
	"EH": "Western Sahara",
	"YE": "Yemɛ́n",
	"GI": "Yiləbalatár",
	"ZM": "Zambí",
	"ZW": "Zimbabwé"
}