{
	"AR": "Adyentina",
	"ZA": "Afilika Kusini",
	"AF": "Afuganistani",
	"IS": "Aislandi",
	"AX": "Åland Islands",
	"AL": "Albania",
	"DZ": "Aljelia",
	"AM": "Almenia",
	"AW": "Aluba",
	"AD": "Andola",
	"AO": "Angola",
	"AI": "Angwila",
	"AQ": "Antarctica",
	"AG": "Antigua na Balbuda",
	"AC": "Ascension Island",
	"AU": "Austlalia",
	"AT": "Austlia",
	"IE": "Ayalandi",
	"AZ": "Azabadyani",
	"BB": "Babadosi",
	"BH": "Bahaleni",
	"BS": "Bahama",
	"BD": "Bangladeshi",
	"BY": "Belalusi",
	"BZ": "Belize",
	"BM": "Belmuda",
	"BJ": "Benini",
	"BR": "Blazili",
	"BN": "Blunei",
	"BO": "Bolivia",
	"BA": "Bosnia na Hezegovina",
	"BW": "Botswana",
	"BV": "Bouvet Island",
	"BF": "Buchinafaso",
	"MG": "Bukini",
	"BG": "Bulgalia",
	"BI": "Bulundi",
	"BT": "Butani",
	"IC": "Canary Islands",
	"BQ": "Caribbean Netherlands",
	"EA": "Ceuta & Melilla",
	"TD": "Chadi",
	"CL": "Chile",
	"CN": "China",
	"CK": "Chisiwa cha Cook",
	"FK": "Chisiwa cha Falkland",
	"KY": "Chisiwa cha Kemen",
	"MH": "Chisiwa cha Malushal",
	"MP": "Chisiwa cha Marian cha Kasikazini",
	"NF": "Chisiwa cha Nolufok",
	"SB": "Chisiwa cha Solomon",
	"TC": "Chisiwa cha Tuluchi na Kaiko",
	"VI": "Chisiwa Chivihi cha Malekani",
	"VG": "Chisiwa Chivihi cha Wingalesa",
	"CX": "Christmas Island",
	"CP": "Clipperton Island",
	"CC": "Cocos (Keeling) Islands",
	"CW": "Curaçao",
	"DK": "Denmaki",
	"GI": "Diblalta",
	"DG": "Diego Garcia",
	"AE": "Dimiliki dya Vakulungwa va Chalabu",
	"DM": "Dominika",
	"JM": "Dyamaika",
	"JP": "Dyapani",
	"DJ": "Dyibuti",
	"GE": "Dyodya",
	"EC": "Ekwado",
	"ER": "Elitilea",
	"SV": "Elsavado",
	"EE": "Estonia",
	"FO": "Faroe Islands",
	"FJ": "Fiji",
	"PH": "Filipino",
	"TF": "French Southern Territories",
	"GA": "Gaboni",
	"GM": "Gambia",
	"GH": "Ghana",
	"GN": "Gine",
	"GW": "Ginebisau",
	"GQ": "Ginekweta",
	"GD": "Glenada",
	"GL": "Glinlandi",
	"GG": "Guernsey",
	"GY": "Guyana",
	"GP": "Gwadelupe",
	"GU": "Gwam",
	"GT": "Gwatemala",
	"GF": "Gwiyana ya Ufalansa",
	"HT": "Haiti",
	"HM": "Heard & McDonald Islands",
	"ES": "Hispania",
	"HN": "Hondulasi",
	"HK": "Hong Kong SAR China",
	"HU": "Hungalia",
	"IQ": "Ilaki",
	"IN": "India",
	"ID": "Indonesia",
	"IL": "Islaeli",
	"IM": "Isle of Man",
	"IT": "Italia",
	"CF": "Jamuhuli ya Afilika ya Paching’ati",
	"CZ": "Jamuhuli ya Chechi",
	"CD": "Jamuhuli ya Chidemoklasia ya kuKongo",
	"DO": "Jamuhuli ya Dominika",
	"JE": "Jersey",
	"KH": "Kambodia",
	"CM": "Kameluni",
	"CA": "Kanada",
	"QA": "Katali",
	"KZ": "Kazachistani",
	"KE": "Kenya",
	"CV": "Kepuvede",
	"KI": "Kilibati",
	"KG": "Kiligizistani",
	"CI": "Kodivaa",
	"HR": "Kolasia",
	"KP": "Kolea Kasikazini",
	"KR": "Kolea Kusini",
	"CO": "Kolombia",
	"KM": "Komolo",
	"CG": "Kongo",
	"XK": "Kosovo",
	"CR": "Kostalika",
	"CU": "Kuba",
	"CY": "Kuplosi",
	"KW": "Kuwaiti",
	"LA": "Laosi",
	"LU": "Lasembagi",
	"LV": "Lativia",
	"LB": "Lebanoni",
	"LS": "Lesoto",
	"LR": "Libelia",
	"LY": "Libya",
	"IO": "Lieneo lyaki Nngalesa Nbahali ya Hindi",
	"LI": "Lishenteni",
	"LT": "Litwania",
	"RE": "Liyunioni",
	"RO": "Lomania",
	"RW": "Lwanda",
	"MO": "Macao SAR China",
	"MW": "Malawi",
	"US": "Malekani",
	"MY": "Malesia",
	"ML": "Mali",
	"MQ": "Malitiniki",
	"MT": "Malta",
	"YT": "Maole",
	"MX": "Meksiko",
	"FM": "Mikilonesia",
	"EG": "Misli",
	"MV": "Modivu",
	"MD": "Moldova",
	"MU": "Molisi",
	"MR": "Molitania",
	"MA": "Moloko",
	"MC": "Monako",
	"MN": "Mongolia",
	"MS": "Monselati",
	"ME": "Montenegro",
	"MZ": "Msumbiji",
	"MM": "Myama",
	"NA": "Namibia",
	"NR": "Naulu",
	"PS": "Nchingu wa Magalibi wa Mpanda wa kuGaza wa kuPales",
	"NP": "Nepali",
	"NE": "Nidyeli",
	"NG": "Nidyelia",
	"NI": "Nikalagwa",
	"NU": "Niue",
	"GB": "Nngalesa",
	"MK": "North Macedonia",
	"NO": "Norwe",
	"NC": "Nyukaledonia",
	"NZ": "Nyuzilandi",
	"OM": "Omani",
	"PK": "Pakistani",
	"PY": "Palagwai",
	"PW": "Palau",
	"PA": "Panama",
	"PG": "Papua",
	"PE": "Pelu",
	"PN": "Pitikeluni",
	"PL": "Polandi",
	"PF": "Polinesia ya Ufalansa",
	"PR": "Pwetoliko",
	"SM": "Samalino",
	"WS": "Samoa",
	"AS": "Samoa ya Malekani",
	"SH": "Santahelena",
	"KN": "Santakitzi na Nevis",
	"LC": "Santalusia",
	"PM": "Santapieli na Mikeloni",
	"VC": "Santavisenti na Glenadini",
	"ST": "Saotome na Prinsipe",
	"SA": "Saudia",
	"SN": "Senegali",
	"RS": "Serbia",
	"SC": "Shelisheli",
	"SL": "Siela Leoni",
	"SY": "Silia",
	"LK": "Sililanka",
	"SG": "Singapoo",
	"SX": "Sint Maarten",
	"SK": "Slovakia",
	"SI": "Slovenia",
	"SO": "Somalia",
	"GS": "South Georgia & South Sandwich Islands",
	"SS": "South Sudan",
	"BL": "St. Barthélemy",
	"MF": "St. Martin",
	"SD": "Sudani",
	"SR": "Sulinamu",
	"SJ": "Svalbard & Jan Mayen",
	"TJ": "Tadikistani",
	"TH": "Tailandi",
	"TW": "Taiwani",
	"TZ": "Tanzania",
	"TT": "Tilinidad na Tobago",
	"TL": "Timoli ya Mashaliki",
	"TG": "Togo",
	"TK": "Tokelau",
	"TO": "Tonga",
	"TA": "Tristan da Cunha",
	"TM": "Tuluchimenistani",
	"TN": "Tunisia",
	"TV": "Tuvalu",
	"UM": "U.S. Outlying Islands",
	"IR": "Uadyemi",
	"BE": "Ubelgidi",
	"DE": "Udyerumani",
	"FR": "Ufalansa",
	"FI": "Ufini",
	"UG": "Uganda",
	"GR": "Ugilichi",
	"ET": "Uhabeshi",
	"NL": "Uholanzi",
	"UA": "Uklaini",
	"PT": "Uleno",
	"UY": "Ulugwai",
	"RU": "Ulusi",
	"SZ": "Uswazi",
	"SE": "Uswidi",
	"CH": "Uswisi",
	"TR": "Utuluchi",
	"UZ": "Uzibechistani",
	"VU": "Vanuatu",
	"VA": "Vatikani",
	"VE": "Venezuela",
	"VN": "Vietinamu",
	"WF": "Walis na Futuna",
	"EH": "Western Sahara",
	"YE": "Yemeni",
	"JO": "Yordani",
	"ZM": "Zambia",
	"ZW": "Zimbabwe"
}