{
	"AF": "afganistáŋ",
	"ZA": "afrik anǝ a sud",
	"AX": "Åland Islands",
	"AL": "albaní",
	"DZ": "aljɛrí",
	"US": "amɛrika",
	"AD": "andɔrǝ",
	"AI": "angiya",
	"AO": "angóla",
	"AQ": "Antarctica",
	"AG": "antiga ri barbúda",
	"SA": "arabí saodí",
	"AR": "arjǝntín",
	"AM": "armɛní",
	"AW": "aruba",
	"AC": "Ascension Island",
	"HT": "ayiti",
	"AZ": "azabecán",
	"BB": "baabaadǝ",
	"BS": "baamás",
	"BD": "baŋladɛ́c",
	"BH": "barǝ́n",
	"AE": "bǝlɔŋ bǝ kaksa bɛ táatáaŋzǝn",
	"BM": "bɛɛmúdǝ",
	"BY": "bɛlaris",
	"BZ": "bɛliz",
	"BE": "bɛljík",
	"BJ": "bɛnǝ́n",
	"BW": "botswana",
	"BV": "Bouvet Island",
	"BO": "bɔɔlíví",
	"BA": "bɔsnyɛ ri hɛrsǝgɔvín",
	"BR": "brɛsíl",
	"BN": "brunǝ́",
	"BF": "bukína fǝ́ asɔ",
	"BG": "bulgarí",
	"BI": "burundí",
	"BT": "bután",
	"TD": "caád",
	"IC": "Canary Islands",
	"BQ": "Caribbean Netherlands",
	"EA": "Ceuta & Melilla",
	"CZ": "cɛ́k",
	"CX": "Christmas Island",
	"CL": "cíli",
	"CN": "cín",
	"CY": "cíprɛ",
	"CP": "Clipperton Island",
	"CC": "Cocos (Keeling) Islands",
	"CW": "Curaçao",
	"DK": "danmak",
	"DG": "Diego Garcia",
	"DE": "djɛrman",
	"DM": "dɔminik",
	"DO": "dɔminik rɛpublík",
	"DJ": "dyibutí",
	"EG": "ɛjípt",
	"EC": "ɛkwatɛǝ́",
	"ER": "ɛritrɛ́",
	"EE": "ɛstoní",
	"ET": "ɛtyɔpí",
	"FO": "Faroe Islands",
	"FJ": "fíji",
	"PH": "filipǝ́n",
	"FI": "fínlan",
	"TF": "French Southern Territories",
	"GA": "gabɔŋ",
	"GM": "gambí",
	"GH": "gána",
	"GN": "ginɛ́",
	"GW": "ginɛ́ bisɔ́",
	"GQ": "ginɛ́ ɛkwatɔrial",
	"GR": "grɛ́k",
	"GD": "grɛnadǝ",
	"GL": "grínlan",
	"GG": "Guernsey",
	"GY": "guyán",
	"GF": "guyán i pɛrɛsǝ́",
	"GP": "gwadɛlúp",
	"GU": "gwám",
	"GT": "gwátǝmala",
	"HM": "Heard & McDonald Islands",
	"HK": "Hong Kong SAR China",
	"IE": "ilán",
	"IN": "indí",
	"ID": "indonɛsí",
	"IQ": "irák",
	"IR": "iráŋ",
	"IM": "Isle of Man",
	"IL": "israɛ́l",
	"IT": "italí",
	"JM": "jamaík",
	"JP": "japɔ́ŋ",
	"JE": "Jersey",
	"GI": "jibraltá",
	"JO": "jɔrdán",
	"GE": "jɔrjí",
	"NC": "kalɛdoní anyɔ́n",
	"KH": "kambodj",
	"CM": "kamɛrún",
	"CA": "kanada",
	"CV": "kapvɛr",
	"QA": "katá",
	"KZ": "kazakstáŋ",
	"NL": "kǝlɔŋ kǝ ázǝ",
	"GB": "kǝlɔŋ kǝ kǝtáatáaŋzǝn",
	"KE": "kɛnya",
	"KG": "kigistáŋ",
	"KI": "kiribáti",
	"CO": "kolɔmbí",
	"KM": "komɔr",
	"KP": "korɛanɔ́r",
	"KR": "korɛasud",
	"XK": "Kosovo",
	"CG": "kɔngó",
	"CD": "kɔngó anyɔ́n",
	"CR": "kɔstaríka",
	"CI": "kɔtiwuár",
	"ES": "kpanyá",
	"HR": "krwasí",
	"CU": "kuba",
	"KW": "kuwɛit",
	"LA": "laɔs",
	"LS": "lǝsóto",
	"LV": "lɛtoní",
	"LB": "libáŋ",
	"LR": "libɛrya",
	"LY": "libí",
	"LI": "lictɛnstɛ́n",
	"LT": "litwaní",
	"LU": "luksɛmbúr",
	"MO": "Macao SAR China",
	"MG": "madagaska",
	"MW": "malawi",
	"MV": "maldivǝ",
	"MY": "malɛsí",
	"ML": "mali",
	"MT": "maltǝ",
	"MA": "marɔk",
	"MQ": "matiník",
	"YT": "mayɔ́t",
	"MX": "mɛksík",
	"FM": "mikronɛ́si",
	"MC": "monako",
	"ME": "Montenegro",
	"MZ": "mosambík",
	"MD": "mɔldaví",
	"MS": "mɔnsɛrat",
	"MN": "mɔŋolí",
	"MU": "mwarís",
	"MR": "mwaritaní",
	"MM": "myanmár",
	"NA": "namibí",
	"NP": "nɛpal",
	"NE": "nijɛ́r",
	"NG": "nijɛ́rya",
	"NI": "níkarágwa",
	"NU": "niwɛ́",
	"MK": "North Macedonia",
	"NO": "nɔrvɛjǝ",
	"NR": "nwarú",
	"OM": "oman",
	"AT": "otric",
	"HN": "ɔnduras",
	"HU": "ɔngrí",
	"AU": "ɔstralí",
	"PK": "pakistáŋ",
	"PW": "palwa",
	"PA": "panama",
	"PG": "papwazí ginɛ́ anyɔ́n",
	"PY": "paragwɛ́",
	"FR": "pɛrɛsǝ́",
	"PE": "pɛrú",
	"PN": "pitkɛ́n",
	"PL": "polɔ́n",
	"PT": "portugál",
	"PF": "pɔlinɛsí a pɛrɛsǝ́",
	"PR": "pɔtoríko",
	"RE": "rɛunyɔŋ",
	"RU": "risí",
	"RO": "rɔmaní",
	"RW": "rwanda",
	"SV": "salvadɔr",
	"WS": "samɔa",
	"AS": "samɔa a amɛrika",
	"CF": "santrafrík",
	"ST": "saotomɛ́ ri priŋsib",
	"RS": "Serbia",
	"SC": "sɛcɛl",
	"SN": "sɛnɛgal",
	"KN": "sɛnkrǝstɔ́f ri nyɛ́vǝ",
	"SM": "sɛnmarǝn",
	"PM": "sɛnpyɛr ri mikɛlɔŋ",
	"SH": "sɛntɛ́len",
	"LC": "sɛntlísí",
	"VC": "sɛnvǝnsǝŋ ri grɛnadín",
	"SX": "Sint Maarten",
	"SG": "siŋapó",
	"SY": "sirí",
	"SK": "slovakí",
	"SI": "slovɛní",
	"SO": "somalí",
	"GS": "South Georgia & South Sandwich Islands",
	"SS": "South Sudan",
	"LK": "srílaŋka",
	"BL": "St. Barthélemy",
	"MF": "St. Martin",
	"SD": "sudan",
	"SR": "surinam",
	"SJ": "Svalbard & Jan Mayen",
	"SZ": "swazilan",
	"SE": "swɛdǝ",
	"CH": "swís",
	"SL": "syɛraleon",
	"TJ": "tadjikistaŋ",
	"TZ": "tanzaní",
	"TH": "tɛlan",
	"TT": "tɛrinitɛ ri tobago",
	"TW": "tɛwán",
	"TL": "timor anǝ á ɛst",
	"TR": "tirkí",
	"TM": "tirkmɛnistaŋ",
	"TG": "togo",
	"TK": "tokǝlao",
	"TO": "tɔŋa",
	"TA": "Tristan da Cunha",
	"TN": "tunɛsí",
	"TV": "tuwalu",
	"UM": "U.S. Outlying Islands",
	"UG": "uganda",
	"UA": "ukrain",
	"UY": "urugwɛ́",
	"UZ": "usbɛkistaŋ",
	"WF": "walis ri futuna",
	"VU": "wanwatu",
	"VA": "watikáŋ",
	"EH": "Western Sahara",
	"VE": "wɛnǝzwɛla",
	"VN": "wyɛtnám",
	"YE": "yɛmɛn",
	"ZM": "zambí",
	"VI": "zǝ bɛ gɔn inɛ á amɛrika",
	"VG": "zǝ bɛ gɔn inɛ a ingɛrís",
	"KY": "zǝ i gan",
	"IS": "zǝ i glás",
	"MH": "zǝ i marcál",
	"IO": "zǝ ingɛrís ncɔ́m wa indi",
	"FK": "zǝ maalwín",
	"MP": "zǝ maryánnɔ́r",
	"PS": "zǝ palɛstínǝ",
	"SB": "zǝ salomɔ́n",
	"TC": "zǝ tirk ri kakɔs",
	"CK": "zɛ i kúk",
	"NF": "zɛ nɔ́fɔlk",
	"NZ": "zɛlan anyɔ́n",
	"ZW": "zimbabwɛ́"
}