{
	"ZA": "Afɨrɨka ya Saame",
	"AF": "Afuganisitáani",
	"IS": "Aisiláandi",
	"AR": "Ajentíina",
	"AX": "Åland Islands",
	"DZ": "Alijéria",
	"AL": "Alubánia",
	"US": "Amerɨka",
	"AD": "Andóra",
	"AO": "Angóola",
	"AI": "Anguíila",
	"AQ": "Antarctica",
	"AG": "Antigúua na Baribúuda",
	"AM": "Ariménia",
	"AW": "Arúuba",
	"AC": "Ascension Island",
	"AU": "Ausiteréelia",
	"AT": "Áusitiria",
	"IE": "Ayaláandi",
	"AZ": "Azabajáani",
	"BB": "Babadóosi",
	"BS": "Baháama",
	"BH": "Baharéeni",
	"BD": "Bangaladéeshi",
	"BY": "Belarúusi",
	"BZ": "Belíise",
	"BJ": "Beníini",
	"BM": "Berimúuda",
	"BO": "Bolívia",
	"BA": "Bósinia",
	"BW": "Botiswáana",
	"BV": "Bouvet Island",
	"BR": "Brasíili",
	"MG": "Bukíini",
	"BF": "Bukinafáaso",
	"BG": "Buligaría",
	"BN": "Burunéei",
	"BI": "Burúundi",
	"BT": "Butáani",
	"IC": "Canary Islands",
	"BQ": "Caribbean Netherlands",
	"EA": "Ceuta & Melilla",
	"TD": "Cháadi",
	"CL": "Chíile",
	"CN": "Chíina",
	"CX": "Christmas Island",
	"CP": "Clipperton Island",
	"CC": "Cocos (Keeling) Islands",
	"CW": "Curaçao",
	"DK": "Denimaki",
	"DG": "Diego Garcia",
	"DM": "Domínɨka",
	"SV": "Elisalivado",
	"ER": "Eriterea",
	"EE": "Estonía",
	"FO": "Faroe Islands",
	"FJ": "Fíiji",
	"TF": "French Southern Territories",
	"GH": "Gáana",
	"GA": "Gabóoni",
	"GM": "Gámbia",
	"GN": "Gíine",
	"GW": "Gíine Bisáau",
	"GQ": "Gíine Ikwéeta",
	"GD": "Girenáada",
	"GL": "Giriniláandi",
	"GG": "Guernsey",
	"GY": "Guyáana",
	"GP": "Gwadelúupe",
	"GU": "Gwani",
	"GT": "Gwatemáala",
	"GF": "Gwiyáana yʉ Ʉfaráansa",
	"HT": "Haíiti",
	"HM": "Heard & McDonald Islands",
	"ES": "Hisipánia",
	"HN": "Honduráasi",
	"HK": "Hong Kong SAR China",
	"HU": "Hungária",
	"EC": "Íkwado",
	"IN": "Índia",
	"ID": "Indonésia",
	"IQ": "Iráaki",
	"IL": "Isiraéeli",
	"IM": "Isle of Man",
	"IT": "Itália",
	"CI": "Ivori Kositi",
	"IO": "Ɨsɨ yʉ Ʉɨngeréesa irivii ra Híindi",
	"JM": "Jamáika",
	"CZ": "Jamuhúuri ya Chéeki",
	"DO": "Jamuhúuri ya Dominɨka",
	"CD": "Jamuhúuri ya Kɨdemokurasía ya Kóongo",
	"JP": "Japáani",
	"JE": "Jersey",
	"GI": "Jiburálita",
	"DJ": "Jibúuti",
	"JO": "Jódani",
	"GE": "Jójia",
	"CF": "Juhúuri ya Afɨrɨka ya katɨ katɨ",
	"NC": "Kaledónia Ifya",
	"KH": "Kambódia",
	"CM": "Kamerúuni",
	"CA": "Kánada",
	"QA": "Katáari",
	"KZ": "Kazakasitáani",
	"KE": "Kéenya",
	"CV": "Kepuvéede",
	"KI": "Kiribáati",
	"KG": "Kirigisitáani",
	"NF": "Kisíiwa cha Nofifóoki",
	"CO": "Kolómbia",
	"KM": "Komóoro",
	"CG": "Kóongo",
	"KR": "Koréa ya Saame",
	"KP": "Koréa yʉ ʉtʉrʉko",
	"HR": "Koréshia",
	"CR": "Kósita Rɨ́ɨka",
	"XK": "Kosovo",
	"CY": "Kupuróosi",
	"KW": "Kʉwáiti",
	"CU": "Kyúuba",
	"LA": "Laóosi",
	"LU": "Lasembáagi",
	"LV": "Lativia",
	"LB": "Lebanóoni",
	"LS": "Lesóoto",
	"LY": "Líbia",
	"LR": "Liibéria",
	"LI": "Lishentéeni",
	"LT": "Lisuánia",
	"ML": "Máali",
	"MO": "Macao SAR China",
	"MW": "Maláawi",
	"MY": "Maleísia",
	"MT": "Málita",
	"MQ": "Maritiníiki",
	"YT": "Mayóote",
	"MX": "Mekisiko",
	"MM": "Miáama",
	"FM": "Mikironésia",
	"EG": "Mísiri",
	"MV": "Modíivu",
	"MD": "Molidóova",
	"MC": "Monáako",
	"MN": "Mongólia",
	"ME": "Montenegro",
	"MS": "Monteráati",
	"MU": "Moríisi",
	"MR": "Moritánia",
	"MA": "Moróoko",
	"MZ": "Musumbíiji",
	"SH": "Mʉtakatíifu Heléena",
	"KN": "Mʉtakatíifu kitisi na Nevíisi",
	"LC": "Mʉtakatíifu Lusíia",
	"PM": "Mʉtakatíifu Peéteri na Mɨkaéeli",
	"VC": "Mʉtakatíifu Viséenti na Gernadíini",
	"PS": "Mweemberera wa kʉmweeri wa Gáaza",
	"NA": "Namíbia",
	"NR": "Naúuru",
	"NP": "Nepáali",
	"NE": "Níija",
	"NG": "Niijéria",
	"NI": "Nikarágʉa",
	"NU": "Niúue",
	"MK": "North Macedonia",
	"NO": "Norwe",
	"NZ": "Nyuzílandi",
	"OM": "Ómani",
	"PK": "Pakisitáani",
	"PW": "Paláau",
	"PA": "Panáama",
	"PG": "Papúua",
	"PY": "Paraguáai",
	"PN": "Patikaírini",
	"PE": "Péeru",
	"PL": "Pólandi",
	"PF": "Polinésia yʉ Ʉfaráansa",
	"PR": "Pwetorɨ́ɨko",
	"RE": "Reyunióoni",
	"RO": "Romaníia",
	"RW": "Rwáanda",
	"SM": "Samaríino",
	"ZM": "Sámbia",
	"WS": "Samóoa",
	"AS": "Samóoa ya Amerɨ́ka",
	"ST": "Sao Tóome na Pirinsipe",
	"SA": "Saudíia Arabíia",
	"SN": "Senegáali",
	"SL": "Seraleóoni",
	"RS": "Serbia",
	"SC": "Shelishéeli",
	"ZW": "Simbáabwe",
	"SG": "Singapoo",
	"SX": "Sint Maarten",
	"SY": "Síria",
	"LK": "Siriláanka",
	"SO": "Somália",
	"GS": "South Georgia & South Sandwich Islands",
	"SS": "South Sudan",
	"BL": "St. Barthélemy",
	"MF": "St. Martin",
	"SD": "Sudáani",
	"SK": "Sulováakia",
	"SI": "Sulovénia",
	"SR": "Surináamu",
	"SJ": "Svalbard & Jan Mayen",
	"TZ": "Taansanía",
	"TH": "Táilandi",
	"TW": "Taiwáani",
	"TJ": "Tajikisitáani",
	"TL": "Timóori yi Itʉʉmba",
	"TT": "Tiriníida ya Tobáago",
	"TK": "Tokeláau",
	"TG": "Tóogo",
	"TO": "Tóonga",
	"TA": "Tristan da Cunha",
	"TN": "Tunísia",
	"TV": "Tuváalu",
	"UM": "U.S. Outlying Islands",
	"FI": "Ufíini",
	"PH": "Ufilipíino",
	"GR": "Ugiríki",
	"UY": "Uruguáai",
	"RU": "Urúusi",
	"UZ": "Usibekisitáani",
	"SE": "Uswíidi",
	"CH": "Uswíisi",
	"TM": "Uturukimenisitáani",
	"TR": "Uturúuki",
	"IR": "Ʉajéemi",
	"BE": "Ʉbeligíiji",
	"FR": "Ʉfaráansa",
	"UG": "Ʉgáanda",
	"ET": "Ʉhabéeshi",
	"NL": "Ʉholáanzi",
	"GB": "Ʉɨngeréesa",
	"DE": "Ʉjerumáani",
	"UA": "Ʉkɨréeni",
	"PT": "Ʉréeno",
	"SZ": "Ʉswáazi",
	"AE": "Ʉtemi wa Kɨaráabu",
	"VU": "Vanuáatu",
	"VA": "Vatikáani",
	"VE": "Venezuéela",
	"VN": "Vietináamu",
	"FK": "Visíiwa vya Fakulandi",
	"KY": "Visíiwa vya Kayimani",
	"CK": "Visíiwa vya Kúuku",
	"MH": "Visíiwa vya Marisháali",
	"SB": "Visíiwa vya Solomóoni",
	"TC": "Visíiwa vya Turíiki na Kaíiko",
	"VI": "Visíiwa vya Vigíini vya Amerɨ́ka",
	"VG": "Visíiwa vya Vigíini vya Ʉɨngeréesa",
	"MP": "Visiwa vya Mariana vya Kaskazini",
	"WF": "Walíisi na Futúuna",
	"EH": "Western Sahara",
	"YE": "Yémeni"
}