{
	"AF": "afghanistaŋ",
	"ZA": "Afrika nekǝsǝŋ",
	"AX": "Åland Islands",
	"AL": "albaniya",
	"DZ": "algeriya",
	"US": "Amerika",
	"AD": "andorra",
	"IO": "anglofoŋ ma Indiya",
	"AO": "angola",
	"AI": "anguiya",
	"AQ": "Antarctica",
	"AG": "antiguan ne Barbuda",
	"AR": "argentiniya",
	"AM": "armeniya",
	"AW": "aruba",
	"AC": "Ascension Island",
	"AU": "australiya",
	"AT": "austriya",
	"AZ": "azerbaijaŋ",
	"BS": "bahamas",
	"BH": "bahraiŋ",
	"BD": "bangladeshiya",
	"BB": "barbadiya",
	"BY": "belarussiya",
	"BE": "belgika",
	"BZ": "beliziya",
	"BJ": "beniŋ",
	"BM": "bermudiya",
	"BO": "boliviya",
	"BA": "bosniya ne Herzegovina",
	"BW": "botswana",
	"BV": "Bouvet Island",
	"BR": "brazilya",
	"BN": "bruniya",
	"BG": "bulgariya",
	"BF": "burkina Faso",
	"BI": "burundi",
	"BT": "butaŋ",
	"IC": "Canary Islands",
	"BQ": "Caribbean Netherlands",
	"CF": "centrafrika",
	"EA": "Ceuta & Melilla",
	"CX": "Christmas Island",
	"CP": "Clipperton Island",
	"CC": "Cocos (Keeling) Islands",
	"CW": "Curaçao",
	"DK": "Daŋmark",
	"DG": "Diego Garcia",
	"DJ": "Djibouti",
	"DM": "Dominik",
	"EC": "Ekwatǝr",
	"ES": "Espaŋiya",
	"EE": "Estoniya",
	"ET": "Etiopia",
	"FO": "Faroe Islands",
	"PH": "Filipiŋ",
	"FR": "Franssǝ",
	"TF": "French Southern Territories",
	"GA": "Gaboŋ",
	"GM": "Gambiya",
	"GH": "Gana",
	"GE": "Georgiya",
	"DE": "Germaniya",
	"GD": "Grenadǝ",
	"GG": "Guernsey",
	"GN": "Guine",
	"GW": "Guine ma Bissao",
	"GY": "Guyana",
	"GU": "Gwam",
	"GT": "Gwatemala",
	"HM": "Heard & McDonald Islands",
	"HK": "Hong Kong SAR China",
	"HU": "Hungriya",
	"ID": "Indonesiya",
	"IQ": "Irak",
	"IR": "Iraŋ",
	"IM": "Isle of Man",
	"IT": "Italiya",
	"JM": "Jamaika",
	"JP": "Japaŋ",
	"JE": "Jersey",
	"JO": "Jordaniya",
	"NC": "Kaledoniya mafuu",
	"KH": "kambodiya",
	"CM": "kameruŋ",
	"CA": "kanada",
	"CV": "kap ma laŋne",
	"QA": "Katar",
	"KY": "kayman ma laŋne",
	"KZ": "Kazakstaŋ",
	"KG": "Kirgizstaŋ",
	"CO": "kolombiya",
	"KM": "komora",
	"CG": "kongo",
	"CK": "kook ma laŋne",
	"XK": "Kosovo",
	"CR": "kosta Rika",
	"HR": "kroatiya",
	"CU": "Kuba",
	"LV": "Letoniya",
	"LB": "Libaŋ",
	"LR": "Liberiya",
	"LY": "Libiya",
	"LI": "Lichtǝnsteiŋ",
	"LT": "Lituaniya",
	"MO": "Macao SAR China",
	"MG": "Madagaskar",
	"MY": "Malaysiya",
	"MV": "Maldivǝ",
	"MA": "Marok",
	"MQ": "Martinika",
	"MR": "Mauritaniya",
	"YT": "Mayot",
	"MX": "Mexiko",
	"FM": "Micronesiya",
	"MD": "Moldoviya",
	"MC": "Monako",
	"MN": "Mongoliya",
	"ME": "Montenegro",
	"MZ": "Mozambika",
	"NA": "Namibiya",
	"NG": "Nigeriya",
	"NI": "Nikaragwa",
	"NU": "Niwe",
	"NF": "Norfolk ma laŋne",
	"MK": "North Macedonia",
	"NO": "Norvegǝ",
	"OM": "Omaŋ",
	"PK": "Pakistaŋ",
	"PG": "Papuasiya Guine mafuu",
	"PY": "Paragwai",
	"PE": "Peru",
	"PN": "Pitkairn",
	"PL": "Pologŋ",
	"PR": "Porto Riko",
	"RO": "Romaniya",
	"RU": "Russiya",
	"RW": "Rwanda",
	"SC": "Saichel",
	"AS": "samoa Amerika",
	"ST": "Sao Tome ne Principe",
	"SN": "Senegal",
	"VG": "ser Anglofon ma laŋne",
	"CI": "ser Ivoiriya",
	"RS": "Serbia",
	"VI": "Sǝr amerika ma laŋne",
	"GB": "Sǝr Anglofoŋ",
	"SA": "Sǝr Arabiya",
	"AE": "Sǝr Arabiya ma taini",
	"DO": "Sǝr Dominik ma lii",
	"EG": "Sǝr Egypt",
	"ER": "Sǝr Eritre",
	"FJ": "Sǝr Fiji",
	"FI": "Sǝr Finland",
	"GI": "Sǝr Gibraltar",
	"GR": "Sǝr Grek",
	"GL": "Sǝr Groenland",
	"GQ": "Sǝr Guine",
	"GF": "Sǝr Guyana ma Franssǝ",
	"GP": "Sǝr Gwadeloupǝ",
	"HT": "Sǝr Haiti",
	"SH": "Sǝr Helena",
	"HN": "Sǝr Honduras",
	"IN": "Sǝr Indǝ",
	"IE": "Sǝr Ireland",
	"IS": "Sǝr Island",
	"IL": "Sǝr Israel",
	"KE": "Sǝr Kenya",
	"KI": "Sǝr Kiribati",
	"CD": "Sǝr Kongo ma dii ne zair",
	"KP": "Sǝr Kore fah sǝŋ",
	"KR": "Sǝr Kore nekǝsǝŋ",
	"KW": "Sǝr Kowait",
	"KN": "Sǝr Kristof ne Nievǝ",
	"LK": "Sǝr Lanka",
	"LA": "Sǝr Laos",
	"LS": "Sǝr Lesotho",
	"LC": "Sǝr Lucia",
	"LU": "Sǝr Luxemburg",
	"NL": "Sǝr ma kasǝŋ",
	"MW": "Sǝr Malawi",
	"ML": "Sǝr Mali",
	"FK": "Sǝr malouniya ma laŋne",
	"MT": "Sǝr Malta",
	"MP": "Sǝr Maria ma laŋne",
	"SM": "Sǝr Marino",
	"MH": "Sǝr Marshall ma laŋne",
	"MU": "Sǝr Mauricǝ",
	"MS": "Sǝr Montserrat",
	"MM": "Sǝr Myanmar",
	"NR": "Sǝr Nauru",
	"NP": "Sǝr Nepal",
	"NE": "Sǝr Niger",
	"PW": "Sǝr Palau",
	"PS": "Sǝr Palestiniya",
	"PA": "Sǝr Panama",
	"PM": "Sǝr Pǝtar ne Mikǝlon",
	"PF": "Sǝr Polynesiya ma Franssǝ",
	"PT": "Sǝr Portugal",
	"RE": "Sǝr Reunion",
	"SB": "Sǝr Salomon ma laŋne",
	"SV": "Sǝr Salvador",
	"WS": "Sǝr Samoa",
	"SE": "Sǝr Sued",
	"SR": "Sǝr Surinam",
	"SZ": "Sǝr Swaziland",
	"CH": "Sǝr Swiss",
	"CZ": "Sǝr Syek",
	"TG": "Sǝr Togo",
	"TK": "Sǝr Tokelau",
	"TO": "Sǝr Tonga",
	"TV": "Sǝr Tuvalu",
	"VU": "Sǝr Vanuatu",
	"VE": "Sǝr Venezuela",
	"VN": "Sǝr Vietnam",
	"VC": "Sǝr Vinceŋ ne Grenadiŋ",
	"SL": "Sierra Leonǝ",
	"SG": "Singapur",
	"SX": "Sint Maarten",
	"SK": "Slovakiya",
	"SI": "Sloveniya",
	"SO": "Somaliya",
	"GS": "South Georgia & South Sandwich Islands",
	"SS": "South Sudan",
	"BL": "St. Barthélemy",
	"MF": "St. Martin",
	"SD": "Sudaŋ",
	"SJ": "Svalbard & Jan Mayen",
	"TD": "syad",
	"CL": "syili",
	"CN": "syiŋ",
	"CY": "Syipriya",
	"SY": "Syria",
	"TH": "Tailand",
	"TW": "Taiwaŋ",
	"TJ": "Tajikistaŋ",
	"TZ": "Tanzaniya",
	"TL": "Timoriya",
	"TT": "Trinite ne Tobago",
	"TA": "Tristan da Cunha",
	"TN": "Tunisiya",
	"TR": "Turkiya",
	"TC": "Turkiya ne kaicos ma laŋne",
	"TM": "Turkmenistaŋ",
	"UM": "U.S. Outlying Islands",
	"UG": "Uganda",
	"UA": "Ukraiŋ",
	"UY": "Urugwai",
	"UZ": "Uzbekistaŋ",
	"VA": "Vaticaŋ",
	"WF": "Wallis ne Futuna",
	"EH": "Western Sahara",
	"YE": "Yemeŋ",
	"ZM": "Zambiya",
	"NZ": "Zeland mafuu",
	"ZW": "Zimbabwe"
}