{
	"AF": "Afghanistanni",
	"AX": "Åland Islands",
	"AL": "Albaniab",
	"DZ": "Algeriab",
	"AS": "Americab Samoab",
	"US": "Amerikab",
	"AD": "Andorrab",
	"AO": "Angolab",
	"AI": "Anguillab",
	"AQ": "Antarctica",
	"AG": "Antiguab tsî Barbudab",
	"AR": "Argentinab",
	"AM": "Armeniab",
	"AW": "Arubab",
	"AC": "Ascension Island",
	"AU": "Australieb",
	"AT": "Austriab",
	"AZ": "Azerbaijanni",
	"BS": "Bahamas",
	"BH": "Bahrain",
	"BD": "Banglades",
	"BB": "Barbados",
	"BY": "Belarus",
	"BE": "Belgiummi",
	"BZ": "Belize",
	"BJ": "Benins",
	"BM": "Bermudas",
	"BT": "Bhutans",
	"BO": "Boliviab",
	"BA": "Bosniab tsî Herzegovinab",
	"BW": "Botswanab",
	"BV": "Bouvet Island",
	"BR": "Braziliab",
	"IO": "British Indian Ocean Territory",
	"VG": "British Virgin Islands",
	"BN": "Brunei",
	"BG": "Bulgariab",
	"BF": "Burkina Fasob",
	"BI": "Burundib",
	"KH": "Cambodiab",
	"CM": "Cameroonni",
	"IC": "Canary Islands",
	"CV": "Cape Verde Islands",
	"BQ": "Caribbean Netherlands",
	"KY": "Cayman Islands",
	"CF": "Central African Republiki",
	"EA": "Ceuta & Melilla",
	"TD": "Chadi",
	"CL": "Chilib",
	"CN": "Chinab",
	"CX": "Christmas Island",
	"CP": "Clipperton Island",
	"CC": "Cocos (Keeling) Islands",
	"CO": "Colombiab",
	"KM": "Comoros",
	"CG": "Congob",
	"CK": "Cook Islands",
	"CR": "Costa Rica",
	"HR": "Croatiab",
	"CU": "Cubab",
	"CW": "Curaçao",
	"CY": "Cyprus",
	"CZ": "Czech Republiki",
	"CD": "Democratic Republic of the Congo",
	"DK": "Denmarki",
	"DG": "Diego Garcia",
	"DJ": "Djibouti",
	"DM": "Dominicab",
	"DO": "Dominican Republic",
	"DE": "Duitslandi",
	"TL": "East Timor",
	"EC": "Ecuadori",
	"EG": "Egipteb",
	"SV": "El Salvadori",
	"GQ": "Equatorial Guineab",
	"ER": "Eritreab",
	"EE": "Estoniab",
	"ET": "Ethiopiab",
	"FK": "Falkland Islands",
	"FO": "Faroe Islands",
	"FJ": "Fijib",
	"FI": "Finlandi",
	"FR": "Frankreiki",
	"GF": "French Guiana",
	"PF": "French Polynesia",
	"TF": "French Southern Territories",
	"GA": "Gaboni",
	"GM": "Gambiab",
	"GE": "Georgiab",
	"GH": "Ghanab",
	"GI": "Gibraltar",
	"GL": "Greenland",
	"GD": "Grenada",
	"GP": "Guadeloupe",
	"GU": "Guam",
	"GT": "Guatemala",
	"GG": "Guernsey",
	"GW": "Guinea-Bissau",
	"GN": "Guineab",
	"GY": "Guyana",
	"HT": "Haiti",
	"HM": "Heard & McDonald Islands",
	"HN": "Honduras",
	"HK": "Hong Kong SAR China",
	"HU": "Hongareieb",
	"IS": "Iceland",
	"IN": "Indiab",
	"ID": "Indonesiab",
	"IR": "Iranni",
	"IQ": "Iraqi",
	"IE": "Irlandi",
	"IM": "Isle of Man",
	"IL": "Israeli",
	"IT": "Italiab",
	"CI": "Ivoorkusi",
	"JM": "Jamaicab",
	"JP": "Japanni",
	"JE": "Jersey",
	"JO": "Jordanni",
	"CA": "Kanadab",
	"KZ": "Kazakhstanni",
	"KE": "Kenyab",
	"KI": "Kiribati",
	"KP": "Koreab, Noord",
	"KR": "Koreab, Suid",
	"XK": "Kosovo",
	"KW": "Kuwaiti",
	"KG": "Kyrgyzstanni",
	"LA": "Laos",
	"LV": "Latvia",
	"LB": "Lebanonni",
	"LS": "Lesothob",
	"LR": "Liberiab",
	"LY": "Libyab",
	"LI": "Liechtensteinni",
	"LT": "Lithuaniab",
	"LU": "Luxembourgi",
	"MO": "Macao SAR China",
	"MG": "Madagascari",
	"MW": "Malawib",
	"MY": "Malaysiab",
	"MV": "Maldives",
	"ML": "Malib",
	"MT": "Malta",
	"MH": "Marshall Islands",
	"MQ": "Martinique",
	"MR": "Mauritania",
	"MU": "Mauritius",
	"YT": "Mayotte",
	"MX": "Mexicob",
	"FM": "Micronesia",
	"MD": "Moldova",
	"MC": "Monaco",
	"MN": "Mongolia",
	"ME": "Montenegro",
	"MS": "Montserrat",
	"MA": "Morocco",
	"MZ": "Mozambiki",
	"MM": "Myanmar",
	"NA": "Namibiab",
	"NR": "Nauru",
	"NP": "Nepali",
	"NL": "Netherlands",
	"NC": "New Caledonia",
	"NZ": "New Zealandi",
	"NI": "Nicaraguab",
	"NE": "Nigeri",
	"NG": "Nigerieb",
	"NU": "Niue",
	"NO": "Noorweeb",
	"NF": "Norfolk Island",
	"MK": "North Macedonia",
	"MP": "Northern Mariana Islands",
	"OM": "Oman",
	"PK": "Pakistanni",
	"PW": "Palau",
	"PS": "Palestinian West Bank and Gaza",
	"PA": "Panama",
	"PG": "Papua New Guineab",
	"PY": "Paraguaib",
	"PE": "Perub",
	"PH": "Philippinni",
	"PN": "Pitcairn",
	"PL": "Polandi",
	"PT": "Portugali",
	"PR": "Puerto Rico",
	"QA": "Qatar",
	"RU": "Rasiab",
	"RE": "Réunion",
	"RO": "Romania",
	"RW": "Rwandab",
	"SH": "Saint Helena",
	"KN": "Saint Kitts and Nevis",
	"LC": "Saint Lucia",
	"PM": "Saint Pierre and Miquelon",
	"VC": "Saint Vincent and the Grenadines",
	"WS": "Samoa",
	"SM": "San Marino",
	"ST": "São Tomé and Príncipe",
	"SA": "Saudi Arabiab",
	"SN": "Senegali",
	"RS": "Serbia",
	"SC": "Seychelles",
	"SL": "Sierra Leone",
	"SG": "Singapore",
	"SX": "Sint Maarten",
	"SK": "Slovakia",
	"SI": "Slovenia",
	"SB": "Solomon Islands",
	"SO": "Somaliab",
	"GS": "South Georgia & South Sandwich Islands",
	"SS": "South Sudan",
	"ES": "Spanieb",
	"LK": "Sri Lankab",
	"BL": "St. Barthélemy",
	"MF": "St. Martin",
	"SD": "Sudanni",
	"ZA": "Suid Afrikab",
	"SR": "Suriname",
	"SJ": "Svalbard & Jan Mayen",
	"SZ": "Swazilandi",
	"SE": "Swedeb",
	"CH": "Switzerlandi",
	"SY": "Syriab",
	"TW": "Taiwan",
	"TJ": "Tajikistan",
	"TZ": "Tanzaniab",
	"TH": "Thailandi",
	"TG": "Togob",
	"TK": "Tokelau",
	"TO": "Tonga",
	"TT": "Trinidad and Tobago",
	"TA": "Tristan da Cunha",
	"TN": "Tunisiab",
	"TR": "Turkeieb",
	"TM": "Turkmenistan",
	"TC": "Turks and Caicos Islands",
	"TV": "Tuvalu",
	"UM": "U.S. Outlying Islands",
	"VI": "U.S. Virgin Islands",
	"UG": "Ugandab",
	"UA": "Ukraine",
	"AE": "United Arab Emirates",
	"GB": "United Kingdom",
	"UY": "Uruguaib",
	"UZ": "Uzbekistan",
	"VU": "Vanuatu",
	"VA": "Vatican State",
	"VE": "Venezuelab",
	"VN": "Vietnammi",
	"WF": "Wallis and Futuna",
	"EH": "Western Sahara",
	"GR": "Xrikelandi",
	"YE": "Yemen",
	"ZM": "Zambiab",
	"ZW": "Zimbabweb"
}