{
	"AF": "Afganistaŋ",
	"ZA": "Afríka yí sí",
	"EG": "Ägyptɛn",
	"AX": "Åland Islands",
	"AL": "Albania",
	"DZ": "Algeria",
	"US": "Amɛŕka",
	"AD": "Andɔ́ra",
	"AO": "Angola",
	"AI": "Anguílla",
	"AQ": "Antarctica",
	"AG": "Antíga bá Barbúda",
	"AR": "Argentína",
	"AM": "Arménia",
	"AW": "Árúba",
	"AC": "Ascension Island",
	"IL": "Äsrɛl",
	"AZ": "Azerbaïjaŋ",
	"BS": "Bahamas",
	"BH": "Bahrain",
	"BB": "Barbado",
	"BY": "Belarus",
	"BJ": "Benin",
	"BE": "Bɛlgik",
	"BZ": "Bɛliz",
	"BD": "Bɛŋgladɛsh",
	"BM": "Bɛrmuda",
	"BO": "Bolivia",
	"BA": "Bosnia na Ɛrzegovina",
	"BW": "Botswana",
	"BV": "Bouvet Island",
	"BR": "Brésil",
	"BN": "Brunɛi",
	"BG": "Bulgaria",
	"BF": "Burkina Faso",
	"BI": "Burundi",
	"BT": "Butaŋ",
	"IC": "Canary Islands",
	"BQ": "Caribbean Netherlands",
	"EA": "Ceuta & Melilla",
	"CX": "Christmas Island",
	"CP": "Clipperton Island",
	"CC": "Cocos (Keeling) Islands",
	"CW": "Curaçao",
	"DK": "Danemark",
	"DG": "Diego Garcia",
	"DM": "Dominíka",
	"EC": "Ekuateur",
	"ER": "Erytrea",
	"ET": "Ethiopiá",
	"EE": "Ɛstonia",
	"FR": "Fala",
	"FO": "Faroe Islands",
	"FJ": "Fijiá",
	"PH": "Filipin",
	"FI": "Finlande",
	"TF": "French Southern Territories",
	"GA": "Gabɔŋ",
	"GM": "Gambia",
	"GH": "Gána",
	"GI": "Gilbratar",
	"GL": "Greenland",
	"GD": "Grenada",
	"GR": "Grɛce",
	"GP": "Guadeloup",
	"GU": "Guam",
	"GT": "Guatemala",
	"GG": "Guernsey",
	"GN": "Guine",
	"GW": "Guine Bisso",
	"GQ": "Guine Ekuatorial",
	"PG": "Guine Papuasi",
	"GY": "Guyana",
	"GF": "Guyane Fala",
	"HT": "Haïti",
	"HM": "Heard & McDonald Islands",
	"HK": "Hong Kong SAR China",
	"IN": "India",
	"ID": "Indonesia",
	"IQ": "Irak",
	"IR": "Iran",
	"IE": "Irland",
	"IS": "Island",
	"IM": "Isle of Man",
	"IT": "Italia",
	"JM": "Jamaika",
	"DE": "Jaman",
	"JP": "Japɔn",
	"JE": "Jersey",
	"DJ": "Jibúti",
	"JO": "Jɔrdania",
	"GE": "Jɔrgia",
	"NC": "Kaledoni nwanah",
	"KH": "Kambodia",
	"CM": "Kamerun",
	"CA": "Kanada",
	"QA": "Katar",
	"KZ": "Kazakstaŋ",
	"KE": "Kɛnya",
	"KI": "Kiribati",
	"CG": "Kongo",
	"CD": "Kongó Zaïre",
	"KP": "Koré yí bvuɔ",
	"KR": "Koré yí sí",
	"XK": "Kosovo",
	"CR": "Kosta Ríka",
	"CI": "Kote d´Ivoire",
	"KW": "Kowɛit",
	"CO": "Kɔlɔ́mbia",
	"KM": "Kɔmɔr",
	"HR": "Kroasia",
	"CU": "Kuba",
	"KG": "Kyrgystaŋ",
	"LA": "Laos",
	"LV": "Latvia",
	"LS": "Lesoto",
	"LB": "Libaŋ",
	"LR": "Liberia",
	"LY": "Libya",
	"LI": "Lishenstein",
	"LT": "Lituaniá",
	"LU": "Luxembourg",
	"MO": "Macao SAR China",
	"MG": "Madagaskar",
	"MW": "Malawi",
	"MY": "Malaysia",
	"MV": "Maldivia",
	"ML": "Mali",
	"MT": "Malta",
	"FK": "Maŋ má Falkland",
	"CV": "Maŋ́ má Kapvɛr",
	"CK": "Maŋ́ má Kook",
	"KY": "Maŋ́ má kumbi",
	"MH": "Maŋ́ má Marshall",
	"NF": "Maŋ́ má Nɔrfɔrk",
	"SB": "Maŋ́ má Salomɔn",
	"TC": "Maŋ́ má Turk na Kaiko",
	"MP": "Maŋ́ Mariá",
	"MA": "Marɔk",
	"MQ": "Martinika",
	"YT": "Mayɔt",
	"MX": "Mɛxik",
	"FM": "Mikronesia",
	"AE": "Minlambɔ́ Nsaŋ́nsa mí Arabia",
	"VI": "Minsilɛ mí maŋ́ m´Amɛrka",
	"VG": "Minsilɛ́ mímaŋ mí ngɛ̄lɛ̄n",
	"MC": "Monako",
	"ME": "Montenegro",
	"MU": "Morisse",
	"MR": "Moritania",
	"MZ": "Mozambik",
	"MD": "Mɔldavia",
	"MN": "Mɔngolia",
	"MS": "Mɔnserrat",
	"MM": "Myanmar",
	"NA": "Namibia",
	"NL": "Nedɛrland",
	"NP": "Nepal",
	"NE": "Niger",
	"NG": "Nigeria",
	"NI": "Nikaragua",
	"NU": "Niuɛ",
	"CZ": "Nlambɔ́ bó tschɛk",
	"DO": "Nlambɔ́ Dominíka",
	"GB": "Nlambɔ́ Ngɛlɛn",
	"IO": "Nlambɔ́ ngɛlɛn ma yí maŋ ntsiɛh",
	"MK": "North Macedonia",
	"NR": "Noru",
	"NO": "Nɔrvɛg",
	"OM": "Oman",
	"AU": "Östraliá",
	"AT": "Ötrish",
	"HN": "Ɔndúras",
	"HU": "Ɔngría",
	"PK": "Pakistan",
	"PS": "Palɛstin",
	"PW": "Palo",
	"PA": "Panama",
	"ES": "Paŋá",
	"PY": "Paraguay",
	"PE": "Peru",
	"PN": "Pitkairn",
	"PF": "Polynesia Fala",
	"PL": "Pɔlɔŋ",
	"PT": "Pɔrtugal",
	"PR": "Puɛrto Riko",
	"RE": "Réuniɔn",
	"RO": "Roumania",
	"RU": "Russi",
	"RW": "Rwanda",
	"KN": "Saint Kitts na Nevis",
	"SH": "Saint Lina",
	"LC": "Saint Lucia",
	"PM": "Saint Peter ba Mikelɔn",
	"VC": "Saint Vincent ba Grenadines",
	"SV": "Salvadɔr",
	"WS": "Samoa",
	"AS": "Samoa m ́Amɛ́rka",
	"SM": "San Marino",
	"ST": "Sao Tomé ba Prinship",
	"SA": "Saudi Arabia",
	"SN": "Senegal",
	"CF": "Sentrafríka",
	"RS": "Serbia",
	"SC": "Seychɛlle",
	"CN": "Shine",
	"SL": "Sierra Leɔn",
	"SG": "Singapur",
	"SX": "Sint Maarten",
	"CY": "Sipria",
	"SK": "Slovakia",
	"SI": "Slovenia",
	"SO": "Somália",
	"GS": "South Georgia & South Sandwich Islands",
	"SS": "South Sudan",
	"LK": "Sri Lanka",
	"BL": "St. Barthélemy",
	"MF": "St. Martin",
	"SD": "Sudaŋ",
	"SE": "Suɛd",
	"SR": "Surinam",
	"SJ": "Svalbard & Jan Mayen",
	"SZ": "Swaziland",
	"CH": "Switzɛrland",
	"SY": "Syria",
	"TH": "Taïland",
	"TW": "Taïwan",
	"TJ": "Tajikistaŋ",
	"TZ": "Tanzánía",
	"TL": "Timɔr tsindikēh",
	"TG": "Togo",
	"TK": "Tokelo",
	"TO": "Tɔnga",
	"TT": "Trinidad ba Tobágó",
	"TA": "Tristan da Cunha",
	"TD": "Tshad",
	"CL": "Tshili",
	"TN": "Tunisiá",
	"TR": "Turki",
	"TM": "Turkmɛnistaŋ",
	"TV": "Tuvalú",
	"UM": "U.S. Outlying Islands",
	"UG": "Uganda",
	"UA": "Ukrɛn",
	"UY": "Uruguay",
	"UZ": "Usbǝkistaŋ",
	"VU": "Vanuatu",
	"VA": "Vatikaŋ",
	"VE": "Vǝnǝzuela",
	"VN": "Viɛtnam",
	"WF": "Wallis ba Futuna",
	"EH": "Western Sahara",
	"YE": "Yǝmɛn",
	"ZM": "Zambia",
	"NZ": "Zeland nwanah",
	"ZW": "Zimbabwǝ"
}