{
	"ZA": "Afilika Kusini",
	"AF": "Afuganisitani",
	"AR": "Ajentina",
	"AX": "Åland Islands",
	"DZ": "Alijeliya",
	"AM": "Alimeniya",
	"AW": "Aluba",
	"AL": "Alubaniya",
	"AD": "Andola",
	"AO": "Angola",
	"AI": "Anguilla",
	"AG": "Anitiguya ni Balubuda",
	"AQ": "Antarctica",
	"AZ": "Asabajani",
	"AC": "Ascension Island",
	"AU": "Awusitilaliya",
	"AT": "Awusitiliya",
	"IE": "Ayalandi",
	"IS": "Ayisilendi",
	"BB": "Babadosi",
	"BH": "Bahaleni",
	"BS": "Bahama",
	"BD": "Bangiladeshi",
	"BY": "Belalusi",
	"BM": "Belimuda",
	"BZ": "Belise",
	"BJ": "Benini",
	"BO": "Boliviya",
	"BA": "Bosiniya ni Hesegovina",
	"BW": "Botiswana",
	"BV": "Bouvet Island",
	"BF": "Bukinafaso",
	"MG": "Bukini",
	"BR": "Bulasili",
	"BG": "Buligaliya",
	"BI": "Bulundi",
	"BN": "Buluneyi",
	"BT": "Butani",
	"IC": "Canary Islands",
	"BQ": "Caribbean Netherlands",
	"EA": "Ceuta & Melilla",
	"CX": "Christmas Island",
	"CP": "Clipperton Island",
	"CC": "Cocos (Keeling) Islands",
	"CW": "Curaçao",
	"DK": "Denimaki",
	"DG": "Diego Garcia",
	"DM": "Dominika",
	"EC": "Ekwado",
	"SV": "Elisavado",
	"ER": "Elitileya",
	"EE": "Esitoniya",
	"FO": "Faroe Islands",
	"FK": "Figunguli fya Fokolendi",
	"CK": "Figunguli fya Kooki",
	"MP": "Figunguli fya Maliyana ifya luvala lwa Kunyamande",
	"SB": "Figunguli fya Solomoni",
	"TC": "Figunguli fya Tuliki ni Kaiko",
	"VI": "Figunguli fya Viliginiya ifya Malekani",
	"KY": "Figunguli ifya Kayimayi",
	"MH": "Figunguli ifya Malishali",
	"VG": "Figunguli ifya Viliginiya ifya Uwingelesa",
	"FJ": "Fiji",
	"PH": "Filipino",
	"TF": "French Southern Territories",
	"GA": "Gaboni",
	"GM": "Gambiya",
	"GD": "Gilenada",
	"GL": "Gilinilandi",
	"GN": "Gine",
	"GW": "Ginebisawu",
	"GQ": "Ginekweta",
	"GG": "Guernsey",
	"GY": "Guyana",
	"GP": "Gwadelupe",
	"GU": "Gwamu",
	"GT": "Gwatemala",
	"GF": "Gwiyana ya Wufalansa",
	"HT": "Hayiti",
	"HM": "Heard & McDonald Islands",
	"ES": "Hisipaniya",
	"HN": "Hondulasi",
	"HK": "Hong Kong SAR China",
	"HU": "Hungaliya",
	"IQ": "Ilaki",
	"IN": "Indiya",
	"ID": "Indonesiya",
	"IL": "Isilaeli",
	"IM": "Isle of Man",
	"IT": "Italiya",
	"JM": "Jamaika",
	"CF": "Jamuhuli ya Afilika ya Pakhati",
	"DO": "Jamuhuli ya Dominika",
	"CD": "Jamuhuli ya Kidemokilasiya ya Kongo",
	"CZ": "Jamuhuli ya Sheki",
	"JP": "Japani",
	"JE": "Jersey",
	"GI": "Jibulalita",
	"DJ": "Jibuti",
	"GE": "Jojiya",
	"KH": "Kambodiya",
	"CM": "Kameruni",
	"CA": "Kanada",
	"KZ": "Kasakisitani",
	"QA": "Katali",
	"KE": "Kenya",
	"CV": "Kepuvede",
	"GH": "Khana",
	"KI": "Kilibati",
	"KG": "Kiligisisitani",
	"CI": "Kodivaya",
	"HR": "Kolasiya",
	"KR": "Koleya ya Kusini",
	"KP": "Koleya ya luvala lwa Kunyamande",
	"CO": "Kolombiya",
	"KM": "Komolo",
	"CG": "Kongo",
	"CR": "Kositalika",
	"XK": "Kosovo",
	"CU": "Kuba",
	"CY": "Kupilosi",
	"KW": "Kuwaiti",
	"LU": "Lasembagi",
	"LV": "Lativiya",
	"LA": "Layosi",
	"LB": "Lebanoni",
	"LS": "Lesoto",
	"LR": "Libeliya",
	"LY": "Libiya",
	"LI": "Lisheniteni",
	"LT": "Litwaniya",
	"RE": "Liyunioni",
	"RO": "Lomaniya",
	"RW": "Lwanda",
	"MO": "Macao SAR China",
	"MW": "Malawi",
	"US": "Malekani",
	"MY": "Malesiya",
	"ML": "Mali",
	"MT": "Malita",
	"MQ": "Malitiniki",
	"YT": "Mayote",
	"MX": "Mekisiko",
	"FM": "Mikilonesiya",
	"EG": "Misili",
	"MV": "Modivu",
	"MD": "Molidova",
	"MU": "Molisi",
	"MR": "Molitaniya",
	"MA": "Moloko",
	"MC": "Monako",
	"MN": "Mongoliya",
	"MS": "Monitiselati",
	"ME": "Montenegro",
	"PS": "Munjema gwa Kusikha nu Luvala lwa Gasa lwa Palesit",
	"MZ": "Musumbiji",
	"MM": "Muyama",
	"NA": "Namibiya",
	"NR": "Nawulu",
	"NP": "Nepali",
	"NE": "Nijeli",
	"NG": "Nijeliya",
	"NI": "Nikalagwa",
	"NU": "Niwue",
	"NO": "Nolwe",
	"MK": "North Macedonia",
	"NC": "Nyukaledoniya",
	"NZ": "Nyusilendi",
	"OM": "Omani",
	"PK": "Pakisitani",
	"PY": "Palagwayi",
	"PW": "Palawu",
	"PA": "Panama",
	"PG": "Papuwa",
	"PE": "Pelu",
	"PN": "Pitikailini",
	"PL": "Polandi",
	"PF": "Polinesiya ya Wufalansa",
	"PR": "Pwetoliko",
	"SM": "Samalino",
	"ZM": "Sambiya",
	"WS": "Samoya",
	"AS": "Samoya ya Malekani",
	"SH": "Santahelena",
	"KN": "Santakitisi ni Nevisi",
	"LC": "Santalusiya",
	"PM": "Santapieli ni Mikeloni",
	"VC": "Santavisenti na Gilenadini",
	"SA": "Sawudi",
	"ST": "Sayo Tome ni Pilinikipe",
	"SN": "Senegali",
	"RS": "Serbia",
	"TD": "Shadi",
	"SC": "Shelisheli",
	"NF": "Shigunguli sha Nolifoki",
	"CL": "Shile",
	"CN": "Shina",
	"SL": "Siela Liyoni",
	"LK": "Sililanka",
	"SY": "Siliya",
	"SK": "Silovakiya",
	"SI": "Siloveniya",
	"ZW": "Simbabwe",
	"SG": "Singapoo",
	"SX": "Sint Maarten",
	"SO": "Somaliya",
	"GS": "South Georgia & South Sandwich Islands",
	"SS": "South Sudan",
	"BL": "St. Barthélemy",
	"MF": "St. Martin",
	"SD": "Sudani",
	"SR": "Sulinamu",
	"SJ": "Svalbard & Jan Mayen",
	"TH": "Tailandi",
	"TW": "Taiwani",
	"TJ": "Tajikisitani",
	"TZ": "Tansaniya",
	"TT": "Tilinidadi ni Tobago",
	"TL": "Timoli ya kunena",
	"TG": "Togo",
	"TK": "Tokelawu",
	"TO": "Tonga",
	"TA": "Tristan da Cunha",
	"TM": "Tulukimenisitani",
	"TN": "Tunisiya",
	"TV": "Tuvalu",
	"UM": "U.S. Outlying Islands",
	"BE": "Ubeligiji",
	"UG": "Uganda",
	"ET": "Uhabeshi",
	"UY": "Ulugwayi",
	"IO": "Uluvala lwa Uwingelesa ku Bahali ya Hindi",
	"UZ": "Usibekisitani",
	"SZ": "Uswasi",
	"SE": "Uswidi",
	"CH": "Uswisi",
	"TR": "Utuluki",
	"IR": "Uwajemi",
	"GB": "Uwingelesa",
	"VU": "Vanuatu",
	"VA": "Vatikani",
	"VE": "Venesuela",
	"VN": "Vietinamu",
	"WF": "Walisi ni Futuna",
	"EH": "Western Sahara",
	"FR": "Wufalansa",
	"FI": "Wufini",
	"GR": "Wugiliki",
	"NL": "Wuholansi",
	"DE": "Wujelumani",
	"PT": "Wuleno",
	"RU": "Wulusi",
	"AE": "Wutwa wa shiyalabu",
	"YE": "Yemeni",
	"JO": "Yolodani",
	"UA": "Yukileini"
}