{
	"AZ": "adrabijan",
	"GI": "adrar n ṭaṛiq",
	"AF": "afɣanistan",
	"ZA": "afriqya n iffus",
	"PS": "agmmaḍ n tagut d ɣzza",
	"AX": "Åland Islands",
	"AL": "albanya",
	"DE": "almanya",
	"ID": "andunisya",
	"AD": "andura",
	"AI": "angila",
	"AO": "angula",
	"AQ": "Antarctica",
	"AG": "antiga d brbuda",
	"AR": "arjantin",
	"AM": "arminya",
	"AW": "aruba",
	"AC": "Ascension Island",
	"VA": "awank n fatikan",
	"PG": "babwa ɣinya tamaynut",
	"BS": "bahamas",
	"PK": "bakistan",
	"PW": "balaw",
	"PA": "banama",
	"BD": "bangladic",
	"PY": "baragway",
	"BB": "barbad",
	"BH": "bḥrayn",
	"BT": "bhutan",
	"BY": "bilarusya",
	"BZ": "biliz",
	"BJ": "binin",
	"PE": "biru",
	"PN": "bitkayrn",
	"BG": "blɣara",
	"BE": "bljika",
	"BV": "Bouvet Island",
	"BR": "brazil",
	"BM": "brmuda",
	"PT": "bṛṭqiz",
	"BN": "bruni",
	"BO": "bulibya",
	"PF": "bulinizya tafransist",
	"PL": "bulunya",
	"BF": "burkina fasu",
	"PR": "burtu riku",
	"BI": "burundi",
	"BA": "busna d hirsik",
	"BW": "butswana",
	"IC": "Canary Islands",
	"BQ": "Caribbean Netherlands",
	"CL": "ccili",
	"CN": "ccinwa",
	"EA": "Ceuta & Melilla",
	"CX": "Christmas Island",
	"CP": "Clipperton Island",
	"CC": "Cocos (Keeling) Islands",
	"CO": "culumbya",
	"KM": "cumur",
	"CW": "Curaçao",
	"DK": "danmark",
	"DG": "Diego Garcia",
	"DJ": "djibuti",
	"DM": "duminik",
	"DZ": "dzayr",
	"OM": "ɛuman",
	"VU": "fanwaṭu",
	"FO": "Faroe Islands",
	"FJ": "fidji",
	"PH": "filibbin",
	"FI": "fillanda",
	"VE": "finzwila",
	"VN": "fitnam",
	"FR": "fransa",
	"TF": "French Southern Territories",
	"GA": "gabun",
	"GM": "gambya",
	"GL": "griland",
	"GG": "Guernsey",
	"GP": "gwadalub",
	"GU": "gwam",
	"GT": "gwatimala",
	"GF": "gwiyan tafransist",
	"GY": "gwiyana",
	"GH": "ɣana",
	"GN": "ɣinya",
	"GW": "ɣinya bisaw",
	"GQ": "ɣinya n ikwadur",
	"GD": "ɣrnaṭa",
	"HT": "hayti",
	"HM": "Heard & McDonald Islands",
	"HU": "hnɣarya",
	"HK": "Hong Kong SAR China",
	"NL": "hulanda",
	"HN": "hunduras",
	"EC": "ikwadur",
	"IR": "iran",
	"ER": "iritirya",
	"IE": "irlanda",
	"IS": "island",
	"IM": "Isle of Man",
	"IL": "israyil",
	"EE": "istunya",
	"IT": "iṭalya",
	"ET": "ityubya",
	"US": "iwunak munnin n mirikan",
	"JM": "jamayka",
	"JE": "Jersey",
	"GE": "jurjya",
	"NC": "kalidunya tamaynut",
	"KH": "kambudya",
	"CM": "kamirun",
	"CA": "kanada",
	"KZ": "kazaxstan",
	"KE": "kinya",
	"KG": "kirɣizistan",
	"KI": "kiribati",
	"XK": "Kosovo",
	"HR": "krwatya",
	"CU": "kuba",
	"CG": "kungu",
	"KR": "kurya n iffus",
	"KP": "kurya n iẓẓlmḍ",
	"CR": "kusta rika",
	"CI": "kut difwar",
	"LV": "latfya",
	"LA": "laws",
	"IQ": "lɛiraq",
	"IN": "lhind",
	"LR": "libirya",
	"LY": "libya",
	"LI": "likinctayn",
	"AE": "limarat",
	"LS": "liṣuṭu",
	"LT": "litwanya",
	"KW": "lkwit",
	"MA": "lmɣrib",
	"LB": "lubnan",
	"LU": "luksanburg",
	"JO": "lurdun",
	"JP": "lyaban",
	"GR": "lyunan",
	"MO": "Macao SAR China",
	"MG": "madaɣacqar",
	"MW": "malawi",
	"MV": "maldif",
	"ML": "mali",
	"MY": "malizya",
	"MT": "malṭa",
	"MQ": "martinik",
	"YT": "mayuṭ",
	"FM": "mikrunizya",
	"MX": "miksik",
	"EG": "miṣṛ",
	"MN": "mnɣulya",
	"ME": "Montenegro",
	"MD": "muldufya",
	"MC": "munaku",
	"MS": "munsirat",
	"MU": "muris",
	"MR": "muṛiṭanya",
	"MZ": "muznbiq",
	"MM": "myanmar",
	"NA": "namibya",
	"NR": "nawru",
	"NP": "nibal",
	"NG": "nijirya",
	"NI": "nikaragwa",
	"NU": "niwi",
	"NE": "nnijir",
	"AT": "nnmsa",
	"NO": "nnrwij",
	"MK": "North Macedonia",
	"NZ": "nyuzilanda",
	"QA": "qatar",
	"CY": "qubrus",
	"RE": "riyunyun",
	"RO": "rumanya",
	"RU": "rusya",
	"RW": "rwanda",
	"SV": "salfadur",
	"WS": "samwa",
	"AS": "samwa tamirikanit",
	"PM": "sanbyir d miklun",
	"VC": "sanfansan d grinadin",
	"KN": "sankris d nifis",
	"SM": "sanmarinu",
	"SH": "santilin",
	"LC": "santlusi",
	"ST": "sawṭumi d bransib",
	"ES": "sbanya",
	"RS": "Serbia",
	"SX": "Sint Maarten",
	"SK": "slufakya",
	"SI": "slufinya",
	"SG": "snɣafura",
	"GS": "South Georgia & South Sandwich Islands",
	"SS": "South Sudan",
	"LK": "srilanka",
	"SA": "ssaɛudiya",
	"SC": "ssicil",
	"SN": "ssinigal",
	"SL": "ssiralyun",
	"SD": "ssudan",
	"SO": "ṣṣumal",
	"SE": "sswid",
	"BL": "St. Barthélemy",
	"MF": "St. Martin",
	"SR": "surinam",
	"SY": "surya",
	"SJ": "Svalbard & Jan Mayen",
	"SZ": "swazilanda",
	"CH": "swisra",
	"TJ": "tadjakistan",
	"CD": "tagdudant tadimukratit n Kongo",
	"DO": "tagdudant taduminikt",
	"CF": "tagdudant tanammast n ifriqya",
	"CZ": "tagdudant tatcikit",
	"GB": "tagldit imunn",
	"IO": "tamnaḍt tanglizit n ugaru ahindi",
	"TZ": "ṭanẓanya",
	"TH": "ṭayland",
	"TW": "ṭaywan",
	"TD": "tcad",
	"CV": "tigzirin n kabbirdi",
	"KY": "tigzirin n kayman",
	"CK": "tigzirin n kuk",
	"FK": "tigzirin n malawi",
	"MH": "tigzirin n marcal",
	"MP": "tigzirin n maryan n iẓẓlmḍ",
	"NF": "tigzirin n nurfulk",
	"SB": "tigzirin n saluman",
	"TC": "tigzirin n turkya d kayk",
	"VI": "tigzirin timgad n iwunak munnin",
	"VG": "tigzirin timgad n nngliz",
	"TL": "timur n lqblt",
	"TT": "trinidad d ṭubagu",
	"TA": "Tristan da Cunha",
	"TV": "tufalu",
	"TG": "ṭugu",
	"TK": "ṭuklaw",
	"TO": "ṭunga",
	"TN": "tuns",
	"TM": "turkmanstan",
	"TR": "turkya",
	"UM": "U.S. Outlying Islands",
	"UG": "uɣanda",
	"UA": "ukranya",
	"UY": "urugway",
	"AU": "ustralya",
	"UZ": "uzbakistan",
	"WF": "walis d futuna",
	"EH": "Western Sahara",
	"YE": "yaman",
	"ZM": "zambya",
	"ZW": "zimbabwi"
}