{
	"AF": "Afɣanistan",
	"PS": "Agemmaḍ Ugut d Ɣazza Ifilisṭiniyen",
	"AX": "Åland Islands",
	"AL": "Albanya",
	"DE": "Almanya",
	"IO": "Amur n Agaraw Uhindi Ubṛiṭani",
	"AD": "Anḍurra",
	"AO": "Angula",
	"AI": "Angwilla",
	"AQ": "Antarctica",
	"AG": "Antigwa d Barbuda",
	"AR": "Arjuntin",
	"AM": "Arminya",
	"AW": "Aruba",
	"AC": "Ascension Island",
	"VA": "Awank iɣrem n Vatikan",
	"AZ": "Azerbiǧan",
	"BS": "Bahamas",
	"BH": "Baḥrayn",
	"BD": "Bangladic",
	"BB": "Barbadus",
	"BG": "Belɣarya",
	"BE": "Beljika",
	"BY": "Bilarusya",
	"BZ": "Biliz",
	"BJ": "Binin",
	"BM": "Birmuda",
	"BV": "Bouvet Island",
	"BR": "Bṛazil",
	"BN": "Brunay",
	"BO": "Bulivya",
	"BF": "Burkina Fasu",
	"BI": "Burundi",
	"BA": "Busna-d-Hirsik",
	"BT": "Buṭan",
	"BW": "Butswana",
	"IC": "Canary Islands",
	"BQ": "Caribbean Netherlands",
	"CL": "Ccili",
	"EA": "Ceuta & Melilla",
	"CX": "Christmas Island",
	"CP": "Clipperton Island",
	"CC": "Cocos (Keeling) Islands",
	"CW": "Curaçao",
	"DK": "Danmark",
	"DG": "Diego Garcia",
	"DM": "Ḍuminika",
	"DZ": "Dzayer",
	"IQ": "Ɛiraq",
	"OM": "Ɛumman",
	"FO": "Faroe Islands",
	"FJ": "Fiji",
	"PH": "Filippin",
	"FI": "Finlanḍa",
	"FR": "Fṛansa",
	"TF": "French Southern Territories",
	"GA": "Gabun",
	"GM": "Gambya",
	"DJ": "Ǧibuti",
	"GD": "Grinada",
	"GL": "Grinlanḍa",
	"GG": "Guernsey",
	"GY": "Guyana",
	"GF": "Guyana Tafransist",
	"GP": "Gwadalup",
	"GU": "Gwam",
	"GT": "Gwatimala",
	"GH": "Ɣana",
	"GN": "Ɣinya",
	"GQ": "Ɣinya Tikwaṭur it",
	"GW": "Ɣinya-Bissaw",
	"HT": "Hayti",
	"HM": "Heard & McDonald Islands",
	"HU": "Henɣarya",
	"IN": "Hind",
	"HN": "Hinduras",
	"HK": "Hong Kong SAR China",
	"NL": "Hulanḍa",
	"EC": "Ikwaḍur",
	"AE": "Imarat Tiεrabin Tidduklin",
	"ID": "Indunizya",
	"IR": "Iran",
	"ER": "Iritrya",
	"IE": "Irlanḍa",
	"IS": "Islanḍa",
	"IM": "Isle of Man",
	"IL": "Israeil",
	"EE": "Isṭunya",
	"IT": "Iṭalya",
	"ET": "Ityupya",
	"US": "Iwunak Idduklen n Amirika",
	"JM": "Jamayka",
	"JE": "Jersey",
	"GI": "Jibralṭar",
	"JP": "Jjappun",
	"GE": "Jyurjya",
	"NC": "kalidunya Tamaynut",
	"KH": "Kambudj",
	"CM": "Kamerun",
	"CA": "Kanada",
	"KZ": "Kazaxistan",
	"KE": "Kinya",
	"KG": "Kirɣistan",
	"KI": "Kiribati",
	"XK": "Kosovo",
	"HR": "Krwatya",
	"CU": "kuba",
	"CO": "Kulumbya",
	"CG": "Kungu",
	"KP": "Kurya Tugafat",
	"KR": "Kurya Tunẓult",
	"CR": "Kusṭa Rika",
	"KW": "Kuwwayt",
	"LA": "Laws",
	"LR": "Libirya",
	"LY": "Libya",
	"LI": "Lictencṭayn",
	"LU": "Liksumburg",
	"LS": "Lisuṭu",
	"LV": "Liṭṭunya",
	"LT": "Litwanya",
	"LB": "Lubnan",
	"MO": "Macao SAR China",
	"MG": "Madaɣacqar",
	"MW": "Malawi",
	"MV": "Maldiv",
	"ML": "Mali",
	"MY": "Malizya",
	"MT": "Malṭa",
	"MN": "Manɣulya",
	"MQ": "Martinik",
	"YT": "Mayuṭ",
	"MA": "Meṛṛuk",
	"FM": "Mikrunizya",
	"MX": "Miksik",
	"EG": "Miṣr",
	"ME": "Montenegro",
	"MD": "Mulḍavya",
	"MC": "Munaku",
	"MS": "Muntsirra",
	"MU": "Muris",
	"MR": "Muritanya",
	"MZ": "Muzambiq",
	"MM": "Myanmar",
	"NA": "Namibya",
	"NR": "Nawru",
	"NG": "Nijiria",
	"NI": "Nikaragwa",
	"NP": "Nippal",
	"NU": "Niwi",
	"NE": "Nnijer",
	"NO": "Nnurwij",
	"MK": "North Macedonia",
	"PK": "Pakistan",
	"PW": "Palu",
	"PA": "Panama",
	"PG": "Papwa Ɣinya Tamaynut",
	"PY": "Paragway",
	"PE": "Piru",
	"PN": "Pitkirn",
	"PF": "Pulinizya Tafransist",
	"PL": "Pulunya",
	"PT": "Purtuɣal",
	"PR": "Purturiku",
	"QA": "Qaṭar",
	"CY": "Qubrus",
	"KM": "Qumur",
	"RE": "Riyyunyun",
	"RO": "Ṛumanya",
	"RU": "Rusya",
	"RW": "Ruwwanḍa",
	"SV": "Salvaḍur",
	"WS": "Samwa",
	"AS": "Samwa Imirikaniyyin",
	"SG": "Sanɣafura",
	"SM": "Sanmarinu",
	"SH": "Santehilin",
	"KN": "Santekits d Nivis",
	"LC": "Santelusya",
	"PM": "Santepyir d Mikelun",
	"VC": "Santevinsent d Grinadin",
	"ST": "Sawṭumi d Prinsip",
	"ES": "Sbanya",
	"RS": "Serbia",
	"SX": "Sint Maarten",
	"SL": "Siralyun",
	"SK": "Sluvakya",
	"SI": "Sluvinya",
	"GS": "South Georgia & South Sandwich Islands",
	"SS": "South Sudan",
	"LK": "Srilanka",
	"SA": "Ssaεudiyya Taεrabt",
	"SE": "Ssewwid",
	"SC": "Ssicil",
	"CN": "Ṣṣin",
	"SN": "Ssiniɣal",
	"SD": "Ssudan",
	"SO": "Ṣṣumal",
	"BL": "St. Barthélemy",
	"MF": "St. Martin",
	"SR": "Surinam",
	"SY": "Surya",
	"SJ": "Svalbard & Jan Mayen",
	"SZ": "Swazilanḍa",
	"CH": "Swisra",
	"ZA": "Tafrikt Tunẓul",
	"CF": "Tagduda n Afrika Wammas",
	"CZ": "Tagduda n Čik",
	"DO": "Tagduda n Ḍuminikan",
	"CD": "Tagduda Tadimuqraṭit n Kungu",
	"GB": "Tagelda Taddukelt",
	"TJ": "Ṭaǧikistan",
	"CI": "Taɣazut n Uszer",
	"TZ": "Ṭanzanya",
	"TH": "Ṭaylanḍa",
	"TW": "Ṭaywan",
	"TD": "Tcad",
	"VG": "Tigzirin (Virgin) Tibṛiṭaniyin",
	"FK": "Tigzirin n Falkland",
	"CV": "Tigzirin n Iɣf Uzegzaw",
	"KY": "Tigzirin n Kayman",
	"CK": "Tigzirin n Kuk",
	"MH": "Tigzirin n Marcal",
	"MP": "Tigzirin n Maryana Tugafat",
	"SB": "Tigzirin n Salumun",
	"VI": "Tigzirin n Virjin n Iwunak Yedduklen",
	"TC": "Tigzirin Turkiyyin d Tikaykusin",
	"NF": "Tigzirt Nurfulk",
	"TL": "Timur Tagmuṭ",
	"TT": "Trinidad d Ṭubagu",
	"TA": "Tristan da Cunha",
	"TG": "Ṭṭugu",
	"TK": "Tuklu",
	"TN": "Tunes",
	"TO": "Ṭunga",
	"TM": "Turkmanistan",
	"TR": "Turkya",
	"TV": "Ṭuvalu",
	"UM": "U.S. Outlying Islands",
	"UG": "Uɣanda",
	"UA": "Ukranya",
	"JO": "Urḍun",
	"UY": "Urugway",
	"AU": "Usṭralya",
	"AT": "Ustriyya",
	"UZ": "Uzbakistan",
	"VU": "Vanwatu",
	"VE": "Vinzwilla",
	"VN": "Viṭnam",
	"WF": "Walis d Futuna",
	"EH": "Western Sahara",
	"YE": "Yaman",
	"GR": "Yunan",
	"ZM": "Zambya",
	"NZ": "Zilanḍa Tamaynut",
	"ZW": "Zimbabwi"
}