{
	"AFN": {
		"name": "Afghan Afghani"
	},
	"ALL": {
		"name": "Albanian Lek"
	},
	"ARS": {
		"name": "Argentine Peso"
	},
	"MGA": {
		"name": "Ariari yá Maləgás"
	},
	"AMD": {
		"name": "Armenian Dram"
	},
	"AWG": {
		"name": "Aruban Florin"
	},
	"AZN": {
		"name": "Azerbaijani Manat"
	},
	"BSD": {
		"name": "Bahamian Dollar"
	},
	"BDT": {
		"name": "Bangladeshi Taka"
	},
	"BBD": {
		"name": "Barbadian Dollar"
	},
	"BYN": {
		"name": "Belarusian Ruble"
	},
	"BZD": {
		"name": "Belize Dollar"
	},
	"BMD": {
		"name": "Bermudan Dollar"
	},
	"BTN": {
		"name": "Bhutanese Ngultrum"
	},
	"ETB": {
		"name": "Bír yá Etsiópia"
	},
	"BOB": {
		"name": "Bolivian Boliviano"
	},
	"BAM": {
		"name": "Bosnia-Herzegovina Convertible Mark"
	},
	"BRL": {
		"name": "Brazilian Real",
		"symbol": "R$"
	},
	"BND": {
		"name": "Brunei Dollar"
	},
	"BGN": {
		"name": "Bulgarian Lev"
	},
	"KHR": {
		"name": "Cambodian Riel"
	},
	"KYD": {
		"name": "Cayman Islands Dollar"
	},
	"XPF": {
		"name": "CFP Franc",
		"symbol": "CFPF"
	},
	"CLP": {
		"name": "Chilean Peso"
	},
	"COP": {
		"name": "Colombian Peso"
	},
	"CRC": {
		"name": "Costa Rican Colón"
	},
	"HRK": {
		"name": "Croatian Kuna"
	},
	"CUC": {
		"name": "Cuban Convertible Peso"
	},
	"CUP": {
		"name": "Cuban Peso"
	},
	"CZK": {
		"name": "Czech Koruna"
	},
	"GMD": {
		"name": "Dalasí yá Gámbía"
	},
	"DKK": {
		"name": "Danish Krone"
	},
	"DZD": {
		"name": "Dinár yá Alehérí"
	},
	"BHD": {
		"name": "Dinár yá Bahərɛ́n"
	},
	"LYD": {
		"name": "Dinár yá Libí"
	},
	"TND": {
		"name": "Dinár yá Tunisí"
	},
	"AED": {
		"name": "Dirám yá Emirá Aráb Uní"
	},
	"MAD": {
		"name": "Dirám yá Maróg"
	},
	"STN": {
		"name": "Dóbə́ra yá Saó Tomé ai Pəlinəsípe"
	},
	"USD": {
		"name": "Dolár yá amɛ́rəkə",
		"symbol": "US$"
	},
	"CAD": {
		"name": "Dolár yá Kanáda",
		"symbol": "CA$"
	},
	"LRD": {
		"name": "Dolár yá Libéria"
	},
	"NAD": {
		"name": "Dolár yá Namibí"
	},
	"AUD": {
		"name": "Dolár yá Osətəralí",
		"symbol": "A$"
	},
	"DOP": {
		"name": "Dominican Peso"
	},
	"XCD": {
		"name": "East Caribbean Dollar",
		"symbol": "EC$"
	},
	"CVE": {
		"name": "Esəkúdo yá Kápə́vɛ́rə"
	},
	"EUR": {
		"name": "əró",
		"symbol": "€"
	},
	"FKP": {
		"name": "Falkland Islands Pound"
	},
	"XOF": {
		"name": "Fəláŋ CFA (BCEAO)",
		"symbol": "CFA"
	},
	"XAF": {
		"name": "Fəláŋ CFA (BEAC)",
		"symbol": "FCFA"
	},
	"BIF": {
		"name": "Fəláŋ yá Burundí"
	},
	"DJF": {
		"name": "Fəláŋ yá dzibutí"
	},
	"KMF": {
		"name": "Fəláŋ yá Komória"
	},
	"CDF": {
		"name": "Fəláŋ yá Kongo"
	},
	"RWF": {
		"name": "Fəláŋ yá Ruwandá"
	},
	"CHF": {
		"name": "Fəláŋ yá Suís"
	},
	"FJD": {
		"name": "Fijian Dollar"
	},
	"GEL": {
		"name": "Georgian Lari"
	},
	"GHS": {
		"name": "Ghanaian Cedi"
	},
	"GIP": {
		"name": "Gibraltar Pound"
	},
	"GTQ": {
		"name": "Guatemalan Quetzal"
	},
	"GNF": {
		"name": "Guinean Franc"
	},
	"GYD": {
		"name": "Guyanaese Dollar"
	},
	"HTG": {
		"name": "Haitian Gourde"
	},
	"HNL": {
		"name": "Honduran Lempira"
	},
	"HKD": {
		"name": "Hong Kong Dollar",
		"symbol": "HK$"
	},
	"HUF": {
		"name": "Hungarian Forint"
	},
	"ISK": {
		"name": "Icelandic Króna"
	},
	"IDR": {
		"name": "Indonesian Rupiah"
	},
	"IRR": {
		"name": "Iranian Rial"
	},
	"IQD": {
		"name": "Iraqi Dinar"
	},
	"ILS": {
		"name": "Israeli New Shekel",
		"symbol": "₪"
	},
	"JMD": {
		"name": "Jamaican Dollar"
	},
	"JOD": {
		"name": "Jordanian Dinar"
	},
	"KZT": {
		"name": "Kazakhstani Tenge"
	},
	"KWD": {
		"name": "Kuwaiti Dinar"
	},
	"AOA": {
		"name": "Kwánəza yá Angolá"
	},
	"MWK": {
		"name": "Kwatsa yá Malawí"
	},
	"ZMW": {
		"name": "Kwatsa yá Zambí"
	},
	"KGS": {
		"name": "Kyrgystani Som"
	},
	"LAK": {
		"name": "Laotian Kip"
	},
	"LBP": {
		"name": "Lebanese Pound"
	},
	"SLL": {
		"name": "Leóne yá Sierá-leónə"
	},
	"SZL": {
		"name": "Lilangeni yá Swazí"
	},
	"GBP": {
		"name": "Lívə́lə Sətərəlíŋ",
		"symbol": "£"
	},
	"EGP": {
		"name": "Lívə́lə yá Ehíbətía"
	},
	"SHP": {
		"name": "Lívələ yá Ǹfúfúb Elɛ́n"
	},
	"SDG": {
		"name": "Lívələ yá Sudán"
	},
	"LSL": {
		"name": "Lotí yá Lesotó"
	},
	"MOP": {
		"name": "Macanese Pataca"
	},
	"MKD": {
		"name": "Macedonian Denar"
	},
	"MYR": {
		"name": "Malaysian Ringgit"
	},
	"MVR": {
		"name": "Maldivian Rufiyaa"
	},
	"MXN": {
		"name": "Mexican Peso",
		"symbol": "MX$"
	},
	"MDL": {
		"name": "Moldovan Leu"
	},
	"MNT": {
		"name": "Mongolian Tugrik"
	},
	"MZN": {
		"name": "Mozambican Metical"
	},
	"MMK": {
		"name": "Myanmar Kyat"
	},
	"ERN": {
		"name": "Náfəka yá Eritelé"
	},
	"NGN": {
		"name": "Náíra yá Nihéria"
	},
	"NPR": {
		"name": "Nepalese Rupee"
	},
	"ANG": {
		"name": "Netherlands Antillean Guilder"
	},
	"TWD": {
		"name": "New Taiwan Dollar",
		"symbol": "NT$"
	},
	"NZD": {
		"name": "New Zealand Dollar",
		"symbol": "NZ$"
	},
	"NIO": {
		"name": "Nicaraguan Córdoba"
	},
	"KPW": {
		"name": "North Korean Won"
	},
	"NOK": {
		"name": "Norwegian Krone"
	},
	"OMR": {
		"name": "Omani Rial"
	},
	"PKR": {
		"name": "Pakistani Rupee"
	},
	"PAB": {
		"name": "Panamanian Balboa"
	},
	"PGK": {
		"name": "Papua New Guinean Kina"
	},
	"PYG": {
		"name": "Paraguayan Guarani"
	},
	"PEN": {
		"name": "Peruvian Sol"
	},
	"PHP": {
		"name": "Philippine Piso"
	},
	"PLN": {
		"name": "Polish Zloty"
	},
	"BWP": {
		"name": "Púlá yá Botswána"
	},
	"QAR": {
		"name": "Qatari Rial"
	},
	"ZAR": {
		"name": "Ránədə yá Afiríka"
	},
	"SAR": {
		"name": "Riál yá Arabí Saudí"
	},
	"RON": {
		"name": "Romanian Leu"
	},
	"INR": {
		"name": "Rupí yá ɛ́ndía",
		"symbol": "₹"
	},
	"MUR": {
		"name": "Rupí yá Morís"
	},
	"SCR": {
		"name": "Rupí yá Sɛsɛ́l"
	},
	"RUB": {
		"name": "Russian Ruble"
	},
	"SVC": {
		"name": "Salvadoran Colón"
	},
	"WST": {
		"name": "Samoan Tala"
	},
	"RSD": {
		"name": "Serbian Dinar"
	},
	"KES": {
		"name": "Silíŋ yá Keniá"
	},
	"SOS": {
		"name": "Silíŋ yá Somalí"
	},
	"TZS": {
		"name": "Silíŋ yá Tanazaní"
	},
	"UGX": {
		"name": "Silíŋ yá Ugandá (1966–1987)"
	},
	"SGD": {
		"name": "Singapore Dollar"
	},
	"SBD": {
		"name": "Solomon Islands Dollar"
	},
	"KRW": {
		"name": "South Korean Won",
		"symbol": "₩"
	},
	"SSP": {
		"name": "South Sudanese Pound"
	},
	"LKR": {
		"name": "Sri Lankan Rupee"
	},
	"SRD": {
		"name": "Surinamese Dollar"
	},
	"SEK": {
		"name": "Swedish Krona"
	},
	"SYP": {
		"name": "Syrian Pound"
	},
	"TJS": {
		"name": "Tajikistani Somoni"
	},
	"THB": {
		"name": "Thai Baht"
	},
	"TOP": {
		"name": "Tongan Paʻanga"
	},
	"TTD": {
		"name": "Trinidad & Tobago Dollar"
	},
	"TRY": {
		"name": "Turkish Lira"
	},
	"TMT": {
		"name": "Turkmenistani Manat"
	},
	"MRU": {
		"name": "Ugiya yá Moritaní"
	},
	"UAH": {
		"name": "Ukrainian Hryvnia"
	},
	"UYW": {
		"name": "Uruguayan Nominal Wage Index Unit"
	},
	"UYU": {
		"name": "Uruguayan Peso"
	},
	"UZS": {
		"name": "Uzbekistani Som"
	},
	"VUV": {
		"name": "Vanuatu Vatu"
	},
	"VES": {
		"name": "Venezuelan Bolívar"
	},
	"VND": {
		"name": "Vietnamese Dong",
		"symbol": "₫"
	},
	"YER": {
		"name": "Yemeni Rial"
	},
	"JPY": {
		"name": "Yɛ́n yá Hapɔ́n",
		"symbol": "JP¥"
	},
	"CNY": {
		"name": "Yuán Renəminəbí yá Tsainís",
		"symbol": "CN¥"
	},
	"ZWL": {
		"name": "Zimbabwean Dollar (2009)"
	}
}