{
	"AFN": {
		"name": "afghani afghan"
	},
	"MGA": {
		"name": "ariary malgache"
	},
	"THB": {
		"name": "baht thaïlandais"
	},
	"PAB": {
		"name": "balboa panaméen"
	},
	"ETB": {
		"name": "birr éthiopien"
	},
	"VES": {
		"name": "bolivar vénézuélien"
	},
	"BOB": {
		"name": "boliviano bolivien"
	},
	"GHS": {
		"name": "cédi ghanéen"
	},
	"CRC": {
		"name": "colón costaricain"
	},
	"SVC": {
		"name": "colón salvadorien"
	},
	"NIO": {
		"name": "córdoba oro nicaraguayen"
	},
	"DKK": {
		"name": "couronne danoise"
	},
	"ISK": {
		"name": "couronne islandaise"
	},
	"NOK": {
		"name": "couronne norvégienne"
	},
	"SEK": {
		"name": "couronne suédoise"
	},
	"CZK": {
		"name": "couronne tchèque"
	},
	"GMD": {
		"name": "dalasi gambien"
	},
	"MKD": {
		"name": "denar macédonien"
	},
	"DZD": {
		"name": "dinar algérien"
	},
	"BHD": {
		"name": "dinar bahreïni"
	},
	"IQD": {
		"name": "dinar irakien"
	},
	"JOD": {
		"name": "dinar jordanien"
	},
	"KWD": {
		"name": "dinar koweïtien"
	},
	"LYD": {
		"name": "dinar libyen"
	},
	"RSD": {
		"name": "dinar serbe"
	},
	"TND": {
		"name": "dinar tunisien"
	},
	"AED": {
		"name": "dirham des Émirats arabes unis"
	},
	"MAD": {
		"name": "dirham marocain"
	},
	"STN": {
		"name": "dobra santoméen"
	},
	"AUD": {
		"name": "dollar australien",
		"symbol": "$ AU"
	},
	"BSD": {
		"name": "dollar bahaméen"
	},
	"BBD": {
		"name": "dollar barbadien"
	},
	"BZD": {
		"name": "dollar bélizéen"
	},
	"BMD": {
		"name": "dollar bermudien"
	},
	"BND": {
		"name": "dollar brunéien"
	},
	"CAD": {
		"name": "dollar canadien",
		"symbol": "$"
	},
	"HKD": {
		"name": "dollar de Hong Kong",
		"symbol": "$ HK"
	},
	"SGD": {
		"name": "dollar de Singapour",
		"symbol": "$ SG"
	},
	"TTD": {
		"name": "dollar de Trinité-et-Tobago"
	},
	"XCD": {
		"name": "dollar des Caraïbes orientales"
	},
	"USD": {
		"name": "dollar des États-Unis",
		"symbol": "$ US"
	},
	"KYD": {
		"name": "dollar des îles Caïmans"
	},
	"SBD": {
		"name": "dollar des îles Salomon"
	},
	"GYD": {
		"name": "dollar du Guyana"
	},
	"SRD": {
		"name": "dollar du Suriname"
	},
	"FJD": {
		"name": "dollar fidjien"
	},
	"JMD": {
		"name": "dollar jamaïcain"
	},
	"LRD": {
		"name": "dollar libérien"
	},
	"NAD": {
		"name": "dollar namibien"
	},
	"NZD": {
		"name": "dollar néo-zélandais",
		"symbol": "$ NZ"
	},
	"ZWL": {
		"name": "dollar zimbabwéen (2009)"
	},
	"VND": {
		"name": "dông vietnamien"
	},
	"AMD": {
		"name": "dram arménien"
	},
	"CVE": {
		"name": "escudo cap-verdien"
	},
	"EUR": {
		"name": "euro",
		"symbol": "€"
	},
	"ANG": {
		"name": "florin antillais"
	},
	"AWG": {
		"name": "florin arubais"
	},
	"HUF": {
		"name": "forint hongrois"
	},
	"BIF": {
		"name": "franc burundais"
	},
	"XOF": {
		"name": "franc CFA (BCEAO)"
	},
	"XAF": {
		"name": "franc CFA (BEAC)"
	},
	"XPF": {
		"name": "franc CFP"
	},
	"KMF": {
		"name": "franc comorien"
	},
	"CDF": {
		"name": "franc congolais"
	},
	"DJF": {
		"name": "franc djiboutien"
	},
	"GNF": {
		"name": "franc guinéen"
	},
	"RWF": {
		"name": "franc rwandais"
	},
	"CHF": {
		"name": "franc suisse"
	},
	"HTG": {
		"name": "gourde haïtienne"
	},
	"PYG": {
		"name": "guaraní paraguayen"
	},
	"UAH": {
		"name": "hryvnia ukrainienne"
	},
	"PGK": {
		"name": "kina papou-néo-guinéen"
	},
	"LAK": {
		"name": "kip laotien"
	},
	"HRK": {
		"name": "kuna croate"
	},
	"MWK": {
		"name": "kwacha malawite"
	},
	"ZMW": {
		"name": "kwacha zambien"
	},
	"AOA": {
		"name": "kwanza angolais"
	},
	"MMK": {
		"name": "kyat myanmarais"
	},
	"GEL": {
		"name": "lari géorgien"
	},
	"ALL": {
		"name": "lek albanais"
	},
	"HNL": {
		"name": "lempira hondurien"
	},
	"SLL": {
		"name": "leone sierra-léonais"
	},
	"MDL": {
		"name": "leu moldave"
	},
	"RON": {
		"name": "leu roumain"
	},
	"BGN": {
		"name": "lev bulgare"
	},
	"SZL": {
		"name": "lilangeni swazi"
	},
	"GIP": {
		"name": "livre de Gibraltar"
	},
	"SHP": {
		"name": "livre de Sainte-Hélène"
	},
	"FKP": {
		"name": "livre des Îles Malouines"
	},
	"EGP": {
		"name": "livre égyptienne"
	},
	"LBP": {
		"name": "livre libanaise"
	},
	"SDG": {
		"name": "livre soudanaise"
	},
	"GBP": {
		"name": "livre sterling",
		"symbol": "£"
	},
	"SSP": {
		"name": "livre sud-soudanaise"
	},
	"SYP": {
		"name": "livre syrienne"
	},
	"TRY": {
		"name": "livre turque"
	},
	"LSL": {
		"name": "loti lesothan"
	},
	"AZN": {
		"name": "manat azerbaïdjanais"
	},
	"BAM": {
		"name": "mark convertible bosniaque"
	},
	"MZN": {
		"name": "metical mozambicain"
	},
	"ERN": {
		"name": "nafka érythréen"
	},
	"NGN": {
		"name": "naira nigérian"
	},
	"BTN": {
		"name": "ngultrum bouthanais"
	},
	"TWD": {
		"name": "nouveau dollar taïwanais"
	},
	"TMT": {
		"name": "nouveau manat turkmène"
	},
	"ILS": {
		"name": "nouveau shekel israélien"
	},
	"PEN": {
		"name": "nouveau sol péruvien"
	},
	"MRU": {
		"name": "ouguiya mauritanien"
	},
	"TOP": {
		"name": "pa’anga"
	},
	"MOP": {
		"name": "pataca macanaise"
	},
	"ARS": {
		"name": "peso argentin"
	},
	"CLP": {
		"name": "peso chilien"
	},
	"COP": {
		"name": "peso colombien"
	},
	"CUP": {
		"name": "peso cubain"
	},
	"CUC": {
		"name": "peso cubain convertible"
	},
	"DOP": {
		"name": "peso dominicain"
	},
	"MXN": {
		"name": "peso mexicain"
	},
	"PHP": {
		"name": "peso philippin"
	},
	"UYU": {
		"name": "peso uruguayen"
	},
	"BWP": {
		"name": "pula botswanais"
	},
	"GTQ": {
		"name": "quetzal guatémaltèque"
	},
	"ZAR": {
		"name": "rand sud-africain"
	},
	"BRL": {
		"name": "réal brésilien",
		"symbol": "R$"
	},
	"IRR": {
		"name": "rial iranien"
	},
	"OMR": {
		"name": "rial omanais"
	},
	"SAR": {
		"name": "rial saoudien"
	},
	"YER": {
		"name": "rial yéménite"
	},
	"KHR": {
		"name": "riel cambodgien"
	},
	"MYR": {
		"name": "ringgit malais"
	},
	"QAR": {
		"name": "riyal du Qatar"
	},
	"BYN": {
		"name": "rouble biélorusse"
	},
	"RUB": {
		"name": "rouble russe"
	},
	"SCR": {
		"name": "roupie des Seychelles"
	},
	"INR": {
		"name": "roupie indienne"
	},
	"IDR": {
		"name": "roupie indonésienne"
	},
	"MUR": {
		"name": "roupie mauricienne"
	},
	"NPR": {
		"name": "roupie népalaise"
	},
	"PKR": {
		"name": "roupie pakistanaise"
	},
	"LKR": {
		"name": "roupie srilankaise"
	},
	"MVR": {
		"name": "rufiyaa maldivien"
	},
	"KES": {
		"name": "shilling kényan"
	},
	"UGX": {
		"name": "shilling ougandais"
	},
	"SOS": {
		"name": "shilling somalien"
	},
	"TZS": {
		"name": "shilling tanzanien"
	},
	"KGS": {
		"name": "som kirghize"
	},
	"TJS": {
		"name": "somoni tadjik"
	},
	"UZS": {
		"name": "sum ouzbek"
	},
	"BDT": {
		"name": "taka bangladeshi"
	},
	"WST": {
		"name": "tala"
	},
	"KZT": {
		"name": "tenge kazakh"
	},
	"MNT": {
		"name": "tugrik mongol"
	},
	"UYW": {
		"name": "Uruguayan Nominal Wage Index Unit"
	},
	"VUV": {
		"name": "vatu"
	},
	"KPW": {
		"name": "won nord-coréen"
	},
	"KRW": {
		"name": "won sud-coréen"
	},
	"JPY": {
		"name": "yen japonais",
		"symbol": "¥"
	},
	"CNY": {
		"name": "yuan renminbi chinois",
		"symbol": "CN¥"
	},
	"PLN": {
		"name": "zloty polonais"
	}
}