{
	"XPF": {
		"name": "[CFP] ફ્રેંક",
		"symbol": "CFPF"
	},
	"AOA": {
		"name": "અંગોલિયન ક્વાન્ઝા"
	},
	"AZN": {
		"name": "અઝરબૈજાની મનાત"
	},
	"AFN": {
		"name": "અફ્ગાન અફ્ગાની"
	},
	"AWG": {
		"name": "અરુબન ફ્લોરિન"
	},
	"ARS": {
		"name": "અર્જેન્ટીના પેસો"
	},
	"AMD": {
		"name": "અર્મેનિયન ડ્રેમ"
	},
	"DZD": {
		"name": "અલ્જિરિયન દિનાર"
	},
	"ALL": {
		"name": "અલ્બેનિયન લેક"
	},
	"ISK": {
		"name": "આઇસલેન્ડિક ક્રોના"
	},
	"EGP": {
		"name": "ઇજિપ્તિયન પાઉન્ડ"
	},
	"ILS": {
		"name": "ઇઝરાયેલી ન્યુ શેકલ",
		"symbol": "₪"
	},
	"ETB": {
		"name": "ઇથિયોપીયન બિર"
	},
	"IDR": {
		"name": "ઇન્ડોનેશિયન રૂપિયા"
	},
	"IQD": {
		"name": "ઇરાકી દિનાર"
	},
	"IRR": {
		"name": "ઇરાનિયન રિયાલ"
	},
	"XCD": {
		"name": "ઇસ્ટ કેરિબિયન ડોલર",
		"symbol": "EC$"
	},
	"UZS": {
		"name": "ઉઝ્બેકિસ્તાન સોમ"
	},
	"KPW": {
		"name": "ઉત્તર કોરિયન વન"
	},
	"UYU": {
		"name": "ઉરુગ્વેયન પેસો"
	},
	"ERN": {
		"name": "એરિટ્રેયન નક્ફા"
	},
	"AUD": {
		"name": "ઑસ્ટ્રેલિયન ડૉલર",
		"symbol": "A$"
	},
	"OMR": {
		"name": "ઓમાની રિયાલ"
	},
	"KZT": {
		"name": "કઝાકિસ્તાની ટેંગ"
	},
	"QAR": {
		"name": "કતારી રિયાલ"
	},
	"KGS": {
		"name": "કિર્ગિસ્તાની સોમ"
	},
	"KWD": {
		"name": "કુવૈતી દિનાર"
	},
	"CAD": {
		"name": "કેનેડિયન ડૉલર",
		"symbol": "CA$"
	},
	"KES": {
		"name": "કેન્યેન શિલિંગ"
	},
	"CVE": {
		"name": "કેપ વર્દિયન એસ્કુડો"
	},
	"KHR": {
		"name": "કેમ્બોડિયન રીઅલ"
	},
	"KYD": {
		"name": "કેયમેન આઇલેંડ્સ ડોલર"
	},
	"CDF": {
		"name": "કોંગોલિઝ ફ્રેંક"
	},
	"KMF": {
		"name": "કોમોરિઅન ફ્રેંક"
	},
	"COP": {
		"name": "કોલમ્બિયન પેસો"
	},
	"CRC": {
		"name": "કોસ્ટા રિકન કોલોન"
	},
	"CUP": {
		"name": "ક્યુબન પેસો"
	},
	"CUC": {
		"name": "ક્યુબન રૂપાંતર યોગ્ય પેસો"
	},
	"HRK": {
		"name": "ક્રોએશિયન ક્યુના"
	},
	"GYD": {
		"name": "ગયાનિઝ ડોલર"
	},
	"GNF": {
		"name": "ગિનીયન ફ્રેંક"
	},
	"GMD": {
		"name": "ગેમ્બિયન દલાસી"
	},
	"GTQ": {
		"name": "ગ્વાટેમાલા કુઇટ્ઝલ"
	},
	"GHS": {
		"name": "ઘાનાઇયન સેડી"
	},
	"CNY": {
		"name": "ચાઇનિઝ યુઆન",
		"symbol": "CN¥"
	},
	"CLP": {
		"name": "ચિલિઅન પેસો"
	},
	"CZK": {
		"name": "ચેક રીપબ્લિક કોરુના"
	},
	"JMD": {
		"name": "જમૈકિયન ડોલર"
	},
	"JPY": {
		"name": "જાપાનીઝ યેન",
		"symbol": "JP¥"
	},
	"DJF": {
		"name": "જિબુટિયન ફ્રેંક"
	},
	"GIP": {
		"name": "જીબ્રાલ્ટર પાઉન્ડ"
	},
	"JOD": {
		"name": "જોર્ડનિયન દિનાર"
	},
	"GEL": {
		"name": "જ્યોર્જિઅન લારી"
	},
	"ZMW": {
		"name": "ઝામ્બિયન ક્વાચા"
	},
	"TOP": {
		"name": "ટોંગન પ’અંગા"
	},
	"TND": {
		"name": "ટ્યુનિશિયન દિનાર"
	},
	"DKK": {
		"name": "ડેનિશ ક્રોન"
	},
	"DOP": {
		"name": "ડોમિનિકન પેસો"
	},
	"TJS": {
		"name": "તાજિકિસ્તાની સોમોની"
	},
	"TZS": {
		"name": "તાન્ઝાનિયન શિલિંગ"
	},
	"TMT": {
		"name": "તુર્કમેનિસ્તાની મનત"
	},
	"TRY": {
		"name": "તુર્કિશ લિરા"
	},
	"TTD": {
		"name": "ત્રિનિદાદ અને ટોબેગો ડોલર"
	},
	"THB": {
		"name": "થાઇ બાહ્ત",
		"symbol": "฿"
	},
	"ZAR": {
		"name": "દક્ષિણ આફ્રિકી રેંડ"
	},
	"KRW": {
		"name": "દક્ષિણ કોરિયન વન",
		"symbol": "₩"
	},
	"SSP": {
		"name": "દક્ષિણ સુદાનિઝ પાઉન્ડ"
	},
	"NGN": {
		"name": "નાઇજીરિયન નૈરા"
	},
	"NAD": {
		"name": "નામિબિયન ડોલર"
	},
	"NIO": {
		"name": "નિકારાગુઅન કોર્ડોબા"
	},
	"ANG": {
		"name": "નેધરલેંડ એંટિલિન ગિલ્ડર"
	},
	"NPR": {
		"name": "નેપાલિઝ રૂપી"
	},
	"NOK": {
		"name": "નૉર્વેજિયન ક્રોન"
	},
	"TWD": {
		"name": "ન્યુ તાઇવાન ડૉલર",
		"symbol": "NT$"
	},
	"NZD": {
		"name": "ન્યૂઝિલેંડ ડૉલર",
		"symbol": "NZ$"
	},
	"PAB": {
		"name": "પનામેનિયન બાલ્બોઆ"
	},
	"PYG": {
		"name": "પરાગ્વેયન ગુઆરાની"
	},
	"XOF": {
		"name": "પશ્ચિમી આફ્રિકન [CFA] ફ્રેંક",
		"symbol": "CFA"
	},
	"PKR": {
		"name": "પાકિસ્તાની રૂપી"
	},
	"PGK": {
		"name": "પાપુઆ ન્યૂ ગિનીયન કિના"
	},
	"PEN": {
		"name": "પેરુવિયન સોલ"
	},
	"PLN": {
		"name": "પોલિસ ઝ્લોટી"
	},
	"FJD": {
		"name": "ફિજિઅન ડોલર"
	},
	"PHP": {
		"name": "ફિલીપાઇન પેસો"
	},
	"FKP": {
		"name": "ફૉકલેન્ડ આઇલેંડ્સ પાઉન્ડ"
	},
	"BMD": {
		"name": "બર્મુડન ડોલર"
	},
	"BGN": {
		"name": "બલ્ગેરીયન લેવ"
	},
	"BSD": {
		"name": "બહામિયન ડોલર"
	},
	"BDT": {
		"name": "બાંગ્લાદેશી ટાકા"
	},
	"BBD": {
		"name": "બાર્બાડિયન ડોલર"
	},
	"BIF": {
		"name": "બુરુન્ડિયન ફ્રેંક"
	},
	"BYN": {
		"name": "બેલારુશિયન રૂબલ"
	},
	"BZD": {
		"name": "બેલિઝ ડોલર"
	},
	"BHD": {
		"name": "બેહરિની દિનાર"
	},
	"BWP": {
		"name": "બોત્સવાનન પુલા"
	},
	"BOB": {
		"name": "બોલિવિયન બોલિવિયાનો"
	},
	"BAM": {
		"name": "બોસ્નિયા અને હર્ઝેગોવિના રૂપાંતર યોગ્ય માર્ક"
	},
	"BRL": {
		"name": "બ્રાઝિલીયન રિઆલ",
		"symbol": "R$"
	},
	"GBP": {
		"name": "બ્રિટિશ પાઉન્ડ",
		"symbol": "£"
	},
	"BND": {
		"name": "બ્રુનેઇ ડોલર"
	},
	"INR": {
		"name": "ભારતીય રૂપિયા",
		"symbol": "₹"
	},
	"BTN": {
		"name": "ભુતાનિઝ એંગુલ્ત્રમ"
	},
	"XAF": {
		"name": "મધ્ય આફ્રિકન [CFA] ફ્રેંક",
		"symbol": "FCFA"
	},
	"MYR": {
		"name": "મલેશિયન રિંગ્ગેટ"
	},
	"MOP": {
		"name": "માકાનિઝ પતાકા"
	},
	"MGA": {
		"name": "માલાગેસી અરીઆરી"
	},
	"MWK": {
		"name": "માલાવિયન ક્વાચા"
	},
	"MVR": {
		"name": "માલ્દિવિયન રુફિયા"
	},
	"MXN": {
		"name": "મેક્સિકન પેસો",
		"symbol": "MX$"
	},
	"MKD": {
		"name": "મેસેડોનિયન દિનાર"
	},
	"MNT": {
		"name": "મોંગોલિયન ટગરિક"
	},
	"MZN": {
		"name": "મોઝામ્બિકન મેટિકલ"
	},
	"MRU": {
		"name": "મોરીશેનિયન ઓગુયા"
	},
	"MUR": {
		"name": "મોરેશીઅન રૂપી"
	},
	"MAD": {
		"name": "મોરોક્કન દિરહામ"
	},
	"MDL": {
		"name": "મોલડોવેન લિયુ"
	},
	"MMK": {
		"name": "મ્યાંમાર ક્યાત"
	},
	"USD": {
		"name": "યુઍસ ડોલર",
		"symbol": "US$"
	},
	"UAH": {
		"name": "યુક્રેનિયન હ્રિવિનિયા"
	},
	"UGX": {
		"name": "યુગાંડન શિલિંગ"
	},
	"AED": {
		"name": "યુનાઈટેડ આરબ અમિરાત દિરહામ"
	},
	"EUR": {
		"name": "યુરો",
		"symbol": "€"
	},
	"YER": {
		"name": "યેમેની રિઆલ"
	},
	"RWF": {
		"name": "રવાંડન ફ્રેંક"
	},
	"RUB": {
		"name": "રશિયન રૂબલ"
	},
	"RON": {
		"name": "રોમાનિયન લેઉ"
	},
	"LAK": {
		"name": "લાઓશિયન કિપ"
	},
	"LRD": {
		"name": "લિબેરિયન ડોલર"
	},
	"LYD": {
		"name": "લિબ્યન દિનાર"
	},
	"LBP": {
		"name": "લેબેનિઝ પાઉન્ડ"
	},
	"LSL": {
		"name": "લેસોથો લોતી"
	},
	"VUV": {
		"name": "વનૌતુ વાતુ"
	},
	"VND": {
		"name": "વિયેતનામીસ ડોંગ",
		"symbol": "₫"
	},
	"VES": {
		"name": "વેનેઝુએલન બોલિવર"
	},
	"LKR": {
		"name": "શ્રી લંકન રૂપી"
	},
	"WST": {
		"name": "સમોઅન તાલા"
	},
	"RSD": {
		"name": "સર્બિયન દિનાર"
	},
	"SYP": {
		"name": "સાઇરિયન પાઉન્ડ"
	},
	"SAR": {
		"name": "સાઉદી રિયાલ"
	},
	"STN": {
		"name": "સાઓ ટૉમ એન્ડ પ્રિંસાઇપ ડોબ્રા"
	},
	"SGD": {
		"name": "સિંગાપુર ડૉલર"
	},
	"SLL": {
		"name": "સિએરા લિઓનિઅન લિઓન"
	},
	"SDG": {
		"name": "સુદાનિઝ પાઉન્ડ"
	},
	"SRD": {
		"name": "સૂરીનામિઝ ડોલર"
	},
	"SHP": {
		"name": "સેંટ હેલેના પાઉન્ડ"
	},
	"SCR": {
		"name": "સેશેલોઈ રૂપી"
	},
	"SOS": {
		"name": "સોમાલી શિલિંગ"
	},
	"SBD": {
		"name": "સોલોમન આઇલેંડ્સ ડોલર"
	},
	"SZL": {
		"name": "સ્વાઝી લિલાન્ગેની"
	},
	"CHF": {
		"name": "સ્વિસ ફ્રેંક"
	},
	"SEK": {
		"name": "સ્વીડિશ ક્રોના"
	},
	"HUF": {
		"name": "હંગેરીયન ફોરિન્ત"
	},
	"HTG": {
		"name": "હાઇટિઇન ગોર્ડ"
	},
	"HKD": {
		"name": "હોંગ કોંગ ડૉલર",
		"symbol": "HK$"
	},
	"HNL": {
		"name": "હોન્ડ્યુરન લેમ્પિરા"
	},
	"SVC": {
		"name": "Salvadoran Colón"
	},
	"UYW": {
		"name": "Uruguayan Nominal Wage Index Unit"
	},
	"ZWL": {
		"name": "Zimbabwean Dollar (2009)"
	}
}