{
	"AFN": {
		"name": "Afjahni"
	},
	"ARS": {
		"name": "ajentiinesche Peeso"
	},
	"EGP": {
		"name": "äjiptesche Pongk"
	},
	"ALL": {
		"name": "albaanesche Lek"
	},
	"DZD": {
		"name": "aljeresche Denaa"
	},
	"USD": {
		"name": "ammärrikaanesche Dollaa",
		"symbol": "US$"
	},
	"AOA": {
		"name": "angjolaanesche Kwansa"
	},
	"AMD": {
		"name": "armeenesche Dram"
	},
	"AWG": {
		"name": "arubesche Florin"
	},
	"SVC": {
		"name": "asalvadorejaanesche Cosan"
	},
	"AZN": {
		"name": "Asserbaidschaani Manat"
	},
	"ETB": {
		"name": "ätejoopesche Birr"
	},
	"AUD": {
		"name": "austraalesche Dollaa",
		"symbol": "A$"
	},
	"BHD": {
		"name": "Bachrainesche Denaa"
	},
	"BSD": {
		"name": "bahama’sche Dollaa"
	},
	"BBD": {
		"name": "Barbados-Dollaa"
	},
	"BZD": {
		"name": "belizjaanesche Dollaa"
	},
	"BMD": {
		"name": "Bermuuda-Dollaa"
	},
	"BTN": {
		"name": "bhutanesesche Ngultrum"
	},
	"BOB": {
		"name": "Bollivijano"
	},
	"BRL": {
		"name": "brasilljaanesche Real",
		"symbol": "R$"
	},
	"GBP": {
		"name": "brittesche £",
		"symbol": "£"
	},
	"BND": {
		"name": "Brunei-Dollaa"
	},
	"BGN": {
		"name": "buljaaresche Lev"
	},
	"MMK": {
		"name": "burmeesesche Kyat"
	},
	"BIF": {
		"name": "burundesche Frang"
	},
	"DKK": {
		"name": "dänesche Kruhne"
	},
	"AED": {
		"name": "de vereineschte arraabesche Emiraate ier Dirham"
	},
	"STN": {
		"name": "Dobra vun São Tomé un Príncipe"
	},
	"TTD": {
		"name": "Dollaa uß Trinidad un Tobääjo"
	},
	"DOP": {
		"name": "dommenikaanesche Peesos"
	},
	"EUR": {
		"name": "Euro",
		"symbol": "€"
	},
	"FJD": {
		"name": "Fidschi-Dollaa"
	},
	"PHP": {
		"name": "fillipiinesche Pesos"
	},
	"XOF": {
		"name": "Frang uß de Älfebeinköß",
		"symbol": "CFA"
	},
	"DJF": {
		"name": "Frang uß Dschibuti"
	},
	"HTG": {
		"name": "haiitesche Gourde"
	},
	"HNL": {
		"name": "hondureanesche Lempira"
	},
	"HKD": {
		"name": "Hongkong-Dollaa",
		"symbol": "HK$"
	},
	"INR": {
		"name": "indesche Ruupije",
		"symbol": "₹"
	},
	"IDR": {
		"name": "indoneesesche Ruupije"
	},
	"IQD": {
		"name": "iraakesche Denaa"
	},
	"ISK": {
		"name": "ißländesche Kruhne"
	},
	"ILS": {
		"name": "ißraeelesche Schekel",
		"symbol": "₪"
	},
	"JMD": {
		"name": "jamaikaanesche Dollaa"
	},
	"GMD": {
		"name": "jambesche Dalasi"
	},
	"GHS": {
		"name": "janaaesche Cedi"
	},
	"JPY": {
		"name": "japaanesche Jen",
		"symbol": "JP¥"
	},
	"YER": {
		"name": "jemenitesche Rijal"
	},
	"GEL": {
		"name": "jeorjesche Lari"
	},
	"GIP": {
		"name": "jibraltaa’sche Pongk"
	},
	"GNF": {
		"name": "Jineea-Frang"
	},
	"JOD": {
		"name": "Jordaanesche Dollaa"
	},
	"GYD": {
		"name": "Juaana-Dollaa"
	},
	"GTQ": {
		"name": "juatemalesche Quetzal"
	},
	"KYD": {
		"name": "Kaimann-Dollaa"
	},
	"KHR": {
		"name": "kambodschaanesche Riel"
	},
	"CAD": {
		"name": "kannaadesche Dollaa",
		"symbol": "CA$"
	},
	"CVE": {
		"name": "kapverdesche Eskuudos"
	},
	"KZT": {
		"name": "kasakesche Tenge"
	},
	"QAR": {
		"name": "kataaresche Rijal"
	},
	"KES": {
		"name": "Kenjaanesche Schillinge"
	},
	"KGS": {
		"name": "kirjiisesche Som"
	},
	"XAF": {
		"name": "Kmmeruhner Frang",
		"symbol": "FCFA"
	},
	"COP": {
		"name": "kolumbesche Peso"
	},
	"KMF": {
		"name": "kommooresche Frang"
	},
	"CDF": {
		"name": "kongjoleesesche Frang"
	},
	"CRC": {
		"name": "koßtarikaanesche Colón"
	},
	"HRK": {
		"name": "krowaatesche Kuna"
	},
	"CUP": {
		"name": "kubaanesche Peesos"
	},
	"KWD": {
		"name": "kuwaitesche Denaa"
	},
	"LSL": {
		"name": "lesoothesche Loti"
	},
	"LBP": {
		"name": "libaneesesche Pongk"
	},
	"LRD": {
		"name": "liberijaanesche Dollaa"
	},
	"LYD": {
		"name": "libesche Denaa"
	},
	"LAK": {
		"name": "loaatesche Kip"
	},
	"MGA": {
		"name": "madajaskesche Ariary"
	},
	"MOP": {
		"name": "makaneesesche Pataca"
	},
	"MWK": {
		"name": "malaawesche Kwache"
	},
	"MYR": {
		"name": "malaisesche Ringgit"
	},
	"MVR": {
		"name": "mallediivesche Rufiyaa"
	},
	"MAD": {
		"name": "marrokaanesche Dirhamm"
	},
	"MRU": {
		"name": "mauretanesche Ouguiya"
	},
	"MUR": {
		"name": "maurizjahnesche Ruupije"
	},
	"MKD": {
		"name": "mazedoonesche Denaa"
	},
	"MXN": {
		"name": "mexekaanesche Peeso",
		"symbol": "MX$"
	},
	"MDL": {
		"name": "moldaavesche Leu"
	},
	"MNT": {
		"name": "mongjoolesche Tugrik"
	},
	"MZN": {
		"name": "mossambikaanesche Metical"
	},
	"ERN": {
		"name": "Nafka uß Erritreja"
	},
	"NAD": {
		"name": "namiibesche Dollaa"
	},
	"ANG": {
		"name": "neederlängsch antillesche Jullde"
	},
	"NPR": {
		"name": "nepaleesesche Ruupije"
	},
	"TWD": {
		"name": "neu taiwaneesesche Dollaa",
		"symbol": "NT$"
	},
	"NZD": {
		"name": "neuseeländesche Dollaa",
		"symbol": "NZ$"
	},
	"NGN": {
		"name": "nijerijaanesche Naira"
	},
	"NIO": {
		"name": "nikarajaanesche Córdoba"
	},
	"KPW": {
		"name": "noodkorejaansche Won"
	},
	"NOK": {
		"name": "norrweejesche Kruhne"
	},
	"OMR": {
		"name": "ommaanesche Rijal"
	},
	"CUC": {
		"name": "ömtuuschbaa kubaanesche Pesos"
	},
	"BAM": {
		"name": "ömtuuschbaa Mark us Boßnije un dä Hächejovvina"
	},
	"XCD": {
		"name": "oß-karribbesche Dollaa",
		"symbol": "EC$"
	},
	"PKR": {
		"name": "pakestaanesche Ruupije"
	},
	"PAB": {
		"name": "pannameesesche Balboa"
	},
	"PGK": {
		"name": "papua neujinejaanesche Kina"
	},
	"PYG": {
		"name": "parajuaanesche Juarani"
	},
	"PEN": {
		"name": "perruaanesche Sol"
	},
	"IRR": {
		"name": "persesche Rial"
	},
	"XPF": {
		"name": "polineesesche Frang",
		"symbol": "CFPF"
	},
	"PLN": {
		"name": "polnesche Złoty"
	},
	"FKP": {
		"name": "Pongk vun de Falkland-Enselle"
	},
	"BWP": {
		"name": "Pula us Bozwaana"
	},
	"RON": {
		"name": "romäänesche Leu"
	},
	"RWF": {
		"name": "ruandesche Frang"
	},
	"RUB": {
		"name": "russesche Ruubel"
	},
	"ZMW": {
		"name": "sambesche Kwacha"
	},
	"WST": {
		"name": "samowaanesche Tala"
	},
	"RSD": {
		"name": "särbesche Denaare"
	},
	"SAR": {
		"name": "saudesche Rijal"
	},
	"CLP": {
		"name": "schileenesche Peeso"
	},
	"CNY": {
		"name": "schineesesche Yuan Renminbi",
		"symbol": "CN¥"
	},
	"LKR": {
		"name": "schrilankesche Ruupije"
	},
	"SEK": {
		"name": "schweedesche Kruhne"
	},
	"CHF": {
		"name": "schweijzer Fränkli"
	},
	"SCR": {
		"name": "seischellesche Ruupije"
	},
	"ZWL": {
		"name": "simbabwesche Dollaa (2009)"
	},
	"SGD": {
		"name": "singjapurejaanesche Dollaa"
	},
	"ZAR": {
		"name": "södaffrekaanesche Rand"
	},
	"SSP": {
		"name": "södsudaneesesche Pongk"
	},
	"SBD": {
		"name": "solomonesche Dollaa"
	},
	"SOS": {
		"name": "somaalesche Schillenge"
	},
	"KRW": {
		"name": "söödkorejaansche Won",
		"symbol": "₩"
	},
	"SLL": {
		"name": "ẞjärra-lejoneesesche Leone"
	},
	"SDG": {
		"name": "sudaneesesche Pongk"
	},
	"SRD": {
		"name": "sürinameesesche Dollaa"
	},
	"SYP": {
		"name": "süüresche Pund"
	},
	"SZL": {
		"name": "swasiländesche Lilangeni"
	},
	"TJS": {
		"name": "tadschikißtaanesche Somoni"
	},
	"THB": {
		"name": "tailändesche Baht"
	},
	"BDT": {
		"name": "Taka us Bangladäsch"
	},
	"TZS": {
		"name": "tansaanesche Schillenge"
	},
	"TOP": {
		"name": "tongjanes Paʻangache"
	},
	"TRY": {
		"name": "törkesche Liire"
	},
	"CZK": {
		"name": "tschäschesche Kruhne"
	},
	"TND": {
		"name": "tuneesesche Denaa"
	},
	"TMT": {
		"name": "turkmeneßtaanesche Manat"
	},
	"UGX": {
		"name": "ujandesche Schillenge"
	},
	"UAH": {
		"name": "ukraijnesche Hryvnia"
	},
	"HUF": {
		"name": "unjarresche Forint"
	},
	"UYU": {
		"name": "urrujuwaische Peeso"
	},
	"UYW": {
		"name": "Uruguayan Nominal Wage Index Unit"
	},
	"UZS": {
		"name": "ußbeekesche Som"
	},
	"VUV": {
		"name": "vanuatesche Vatu"
	},
	"VES": {
		"name": "venezuelaanesche Bolívar"
	},
	"VND": {
		"name": "vijätnammeesesche Dong",
		"symbol": "₫"
	},
	"BYN": {
		"name": "wiißrußesche Rubel"
	},
	"SHP": {
		"name": "Zint-Hellena-Pongk"
	}
}